{"type":"FeatureCollection","features":[{"type":"Feature","properties":{"nombre":"Ruta W-557","jerarquia":5},"geometry":{"type":"LineString","coordinates":[[-73.72317,-42.50887],[-73.72401,-42.50936],[-73.72449,-42.50949],[-73.72613,-42.5093],[-73.72647,-42.50931],[-73.72712,-42.50943],[-73.72765,-42.5094],[-73.72888,-42.50909],[-73.73001,-42.50927],[-73.73033,-42.50923]]}},{"type":"Feature","properties":{"nombre":"Ruta W-557","jerarquia":5},"geometry":{"type":"LineString","coordinates":[[-73.73033,-42.50923],[-73.73052,-42.50912],[-73.73128,-42.50833],[-73.73192,-42.50806],[-73.73251,-42.50771],[-73.73262,-42.50769]]}},{"type":"Feature","properties":{"nombre":"Ruta W-557","jerarquia":5},"geometry":{"type":"LineString","coordinates":[[-73.73262,-42.50769],[-73.73275,-42.50774],[-73.73382,-42.5087],[-73.73525,-42.50981],[-73.73559,-42.50991],[-73.73641,-42.50998],[-73.73659,-42.51003],[-73.73669,-42.51016],[-73.73696,-42.51107],[-73.73738,-42.51154],[-73.7379,-42.51192],[-73.73906,-42.51259],[-73.74012,-42.51333],[-73.74249,-42.51429]]}},{"type":"Feature","properties":{"nombre":"Ruta W-557","jerarquia":5},"geometry":{"type":"LineString","coordinates":[[-73.74249,-42.51429],[-73.7431,-42.51453],[-73.7439,-42.51457],[-73.74551,-42.51567],[-73.74586,-42.5162],[-73.74595,-42.51626],[-73.74614,-42.5163],[-73.74645,-42.51628],[-73.74742,-42.5159]]}},{"type":"Feature","properties":{"nombre":"Ruta W-557","jerarquia":5},"geometry":{"type":"LineString","coordinates":[[-73.74742,-42.5159],[-73.74753,-42.51591]]}},{"type":"Feature","properties":{"nombre":"Ernesto Novoa","jerarquia":5},"geometry":{"type":"LineString","coordinates":[[-73.78292,-42.48238],[-73.78295,-42.48257]]}},{"type":"Feature","properties":{"nombre":"","jerarquia":5},"geometry":{"type":"LineString","coordinates":[[-73.76734,-42.46463],[-73.76728,-42.46459]]}},{"type":"Feature","properties":{"nombre":"","jerarquia":5},"geometry":{"type":"LineString","coordinates":[[-73.76728,-42.46459],[-73.76695,-42.4643]]}},{"type":"Feature","properties":{"nombre":"","jerarquia":5},"geometry":{"type":"LineString","coordinates":[[-73.76695,-42.4643],[-73.76669,-42.46424],[-73.76629,-42.46442]]}},{"type":"Feature","properties":{"nombre":"Ruta W-481","jerarquia":5},"geometry":{"type":"LineString","coordinates":[[-73.71986,-42.42256],[-73.71868,-42.42191],[-73.71734,-42.42089],[-73.71549,-42.41978],[-73.71498,-42.4194],[-73.71467,-42.41904],[-73.71364,-42.41875]]}},{"type":"Feature","properties":{"nombre":"Ruta W-563","jerarquia":5},"geometry":{"type":"LineString","coordinates":[[-73.72744,-42.5436],[-73.72655,-42.54354],[-73.72582,-42.54337],[-73.72504,-42.54332],[-73.72421,-42.54308],[-73.72345,-42.54312],[-73.72311,-42.54303],[-73.72246,-42.54274],[-73.72167,-42.54261],[-73.72125,-42.54263],[-73.71982,-42.54284],[-73.71841,-42.54292]]}},{"type":"Feature","properties":{"nombre":"Ruta W-563","jerarquia":5},"geometry":{"type":"LineString","coordinates":[[-73.71841,-42.54292],[-73.7179,-42.54284],[-73.71637,-42.54226],[-73.71482,-42.54132],[-73.71333,-42.54099],[-73.71242,-42.5403]]}},{"type":"Feature","properties":{"nombre":"Ruta W-563","jerarquia":5},"geometry":{"type":"LineString","coordinates":[[-73.71242,-42.5403],[-73.71223,-42.54021]]}},{"type":"Feature","properties":{"nombre":"Ruta W-557","jerarquia":5},"geometry":{"type":"LineString","coordinates":[[-73.72317,-42.50887],[-73.7219,-42.50986],[-73.72082,-42.51048],[-73.71974,-42.51089],[-73.71784,-42.51148],[-73.71723,-42.51176],[-73.71676,-42.51216],[-73.71467,-42.51349]]}},{"type":"Feature","properties":{"nombre":"Ruta W-580","jerarquia":5},"geometry":{"type":"LineString","coordinates":[[-73.84493,-42.47834],[-73.84545,-42.47938],[-73.84581,-42.48033],[-73.84579,-42.48042]]}},{"type":"Feature","properties":{"nombre":"Ruta W-580","jerarquia":5},"geometry":{"type":"LineString","coordinates":[[-73.84579,-42.48042],[-73.8441,-42.48162],[-73.84399,-42.4818],[-73.84387,-42.48224],[-73.84381,-42.48269],[-73.84387,-42.48331],[-73.844,-42.48374],[-73.84431,-42.48421],[-73.84471,-42.48467],[-73.84579,-42.48552],[-73.84638,-42.4859],[-73.84655,-42.48596],[-73.84635,-42.49069],[-73.84529,-42.49097],[-73.84509,-42.49111],[-73.84507,-42.49122],[-73.8453,-42.49153],[-73.84531,-42.49172],[-73.84515,-42.49198],[-73.8451,-42.49217],[-73.84515,-42.49239],[-73.84667,-42.49502]]}},{"type":"Feature","properties":{"nombre":"Ruta W-580","jerarquia":5},"geometry":{"type":"LineString","coordinates":[[-73.84667,-42.49502],[-73.84661,-42.49591],[-73.84635,-42.49688],[-73.84602,-42.49734],[-73.8455,-42.49791],[-73.84485,-42.49842],[-73.84431,-42.49897],[-73.8439,-42.49927],[-73.84124,-42.50194],[-73.83668,-42.50373],[-73.83462,-42.50369],[-73.83402,-42.50379],[-73.83223,-42.50429],[-73.83125,-42.50485],[-73.83065,-42.50511],[-73.83012,-42.50526],[-73.82879,-42.50616],[-73.82799,-42.50718],[-73.82737,-42.5079],[-73.82704,-42.50812],[-73.82662,-42.50825]]}},{"type":"Feature","properties":{"nombre":"Ruta W-580","jerarquia":5},"geometry":{"type":"LineString","coordinates":[[-73.82662,-42.50825],[-73.82639,-42.50834],[-73.82618,-42.50854],[-73.82597,-42.50916],[-73.8256,-42.50986],[-73.82543,-42.51006],[-73.82418,-42.51073],[-73.82382,-42.51084],[-73.82335,-42.51091],[-73.82318,-42.51098],[-73.82251,-42.51162],[-73.82167,-42.51213],[-73.82153,-42.51227],[-73.82122,-42.51281],[-73.82098,-42.51303],[-73.82072,-42.51316],[-73.82026,-42.5133],[-73.81835,-42.51374]]}},{"type":"Feature","properties":{"nombre":"Ruta W-580","jerarquia":5},"geometry":{"type":"LineString","coordinates":[[-73.81835,-42.51374],[-73.8183,-42.51375]]}},{"type":"Feature","properties":{"nombre":"Ruta W-580","jerarquia":5},"geometry":{"type":"LineString","coordinates":[[-73.8183,-42.51375],[-73.81709,-42.51396],[-73.81675,-42.51396],[-73.81525,-42.51356],[-73.81498,-42.51353],[-73.8147,-42.51356],[-73.81407,-42.51379],[-73.81352,-42.51386],[-73.8125,-42.5139],[-73.81189,-42.51386],[-73.81073,-42.51364],[-73.81051,-42.51347],[-73.81042,-42.51321],[-73.81033,-42.51308],[-73.80972,-42.51291]]}},{"type":"Feature","properties":{"nombre":"Ruta W-580","jerarquia":5},"geometry":{"type":"LineString","coordinates":[[-73.80972,-42.51291],[-73.80954,-42.51293],[-73.80932,-42.51319],[-73.80871,-42.51339]]}},{"type":"Feature","properties":{"nombre":"Ruta W-580","jerarquia":5},"geometry":{"type":"LineString","coordinates":[[-73.80871,-42.51339],[-73.80771,-42.51372]]}},{"type":"Feature","properties":{"nombre":"Ruta W-580","jerarquia":5},"geometry":{"type":"LineString","coordinates":[[-73.80771,-42.51372],[-73.80643,-42.51315]]}},{"type":"Feature","properties":{"nombre":"Ruta W-580","jerarquia":5},"geometry":{"type":"LineString","coordinates":[[-73.80643,-42.51315],[-73.80593,-42.51296],[-73.80519,-42.51289]]}},{"type":"Feature","properties":{"nombre":"Ruta W-580","jerarquia":5},"geometry":{"type":"LineString","coordinates":[[-73.80519,-42.51289],[-73.80429,-42.51286]]}},{"type":"Feature","properties":{"nombre":"Ruta W-580","jerarquia":5},"geometry":{"type":"LineString","coordinates":[[-73.80429,-42.51286],[-73.80403,-42.51285],[-73.80326,-42.513],[-73.80276,-42.51302],[-73.80143,-42.51292],[-73.80004,-42.51289]]}},{"type":"Feature","properties":{"nombre":"Gabriela Mistral","jerarquia":4},"geometry":{"type":"LineString","coordinates":[[-73.76375,-42.47689],[-73.7652,-42.47691]]}},{"type":"Feature","properties":{"nombre":"Gabriela Mistral","jerarquia":4},"geometry":{"type":"LineString","coordinates":[[-73.7652,-42.47691],[-73.76531,-42.47691]]}},{"type":"Feature","properties":{"nombre":"Gabriela Mistral","jerarquia":4},"geometry":{"type":"LineString","coordinates":[[-73.76531,-42.47691],[-73.76675,-42.47695]]}},{"type":"Feature","properties":{"nombre":"Ruta W-557","jerarquia":5},"geometry":{"type":"LineString","coordinates":[[-73.74637,-42.52054],[-73.7452,-42.52076],[-73.74441,-42.52103],[-73.74222,-42.52227],[-73.74171,-42.52271],[-73.74118,-42.52349],[-73.74103,-42.52385],[-73.741,-42.52421]]}},{"type":"Feature","properties":{"nombre":"Ruta W-557","jerarquia":5},"geometry":{"type":"LineString","coordinates":[[-73.741,-42.52421],[-73.74098,-42.52455]]}},{"type":"Feature","properties":{"nombre":"Ruta W-557","jerarquia":5},"geometry":{"type":"LineString","coordinates":[[-73.74098,-42.52455],[-73.74071,-42.5252],[-73.73911,-42.52703],[-73.7387,-42.52732],[-73.73839,-42.52761],[-73.73804,-42.52806],[-73.73779,-42.52859],[-73.73763,-42.52913],[-73.73763,-42.52948],[-73.73779,-42.53],[-73.73774,-42.53147],[-73.73761,-42.53188],[-73.73687,-42.53329],[-73.73673,-42.53346],[-73.7355,-42.53399],[-73.7347,-42.53495],[-73.73426,-42.53532]]}},{"type":"Feature","properties":{"nombre":"Ruta W-557","jerarquia":5},"geometry":{"type":"LineString","coordinates":[[-73.73426,-42.53532],[-73.73383,-42.53568],[-73.73282,-42.53703]]}},{"type":"Feature","properties":{"nombre":"Ruta W-557","jerarquia":5},"geometry":{"type":"LineString","coordinates":[[-73.73282,-42.53703],[-73.73191,-42.53833],[-73.73103,-42.53927]]}},{"type":"Feature","properties":{"nombre":"Ruta W-557","jerarquia":5},"geometry":{"type":"LineString","coordinates":[[-73.73103,-42.53927],[-73.72897,-42.54118],[-73.72844,-42.54179],[-73.72744,-42.5436]]}},{"type":"Feature","properties":{"nombre":"Ruta W-557","jerarquia":5},"geometry":{"type":"LineString","coordinates":[[-73.72744,-42.5436],[-73.72697,-42.54525]]}},{"type":"Feature","properties":{"nombre":"Ruta W-557","jerarquia":5},"geometry":{"type":"LineString","coordinates":[[-73.72697,-42.54525],[-73.727,-42.54532],[-73.72721,-42.54547],[-73.72809,-42.54576],[-73.72833,-42.54594],[-73.72859,-42.54681],[-73.72916,-42.54744],[-73.72969,-42.54774],[-73.72987,-42.54809],[-73.72985,-42.54853],[-73.72953,-42.54946],[-73.72834,-42.55067],[-73.72818,-42.55091],[-73.72811,-42.55135],[-73.72783,-42.55184],[-73.72791,-42.55282]]}},{"type":"Feature","properties":{"nombre":"Ruta W-557","jerarquia":5},"geometry":{"type":"LineString","coordinates":[[-73.72791,-42.55282],[-73.7279,-42.5532],[-73.72757,-42.55445],[-73.72716,-42.55559],[-73.72717,-42.55613],[-73.72712,-42.55646],[-73.72682,-42.5572]]}},{"type":"Feature","properties":{"nombre":"Ruta W-557","jerarquia":5},"geometry":{"type":"LineString","coordinates":[[-73.72682,-42.5572],[-73.72658,-42.55796],[-73.72639,-42.55809],[-73.72607,-42.55816],[-73.72565,-42.55815],[-73.72537,-42.55826],[-73.72503,-42.55842]]}},{"type":"Feature","properties":{"nombre":"Ruta W-488","jerarquia":5},"geometry":{"type":"LineString","coordinates":[[-73.77715,-42.4299],[-73.77742,-42.42972],[-73.7778,-42.42962],[-73.7796,-42.42969]]}},{"type":"Feature","properties":{"nombre":"Ruta W-488","jerarquia":5},"geometry":{"type":"LineString","coordinates":[[-73.7796,-42.42969],[-73.78185,-42.42977]]}},{"type":"Feature","properties":{"nombre":"Ruta W-488","jerarquia":5},"geometry":{"type":"LineString","coordinates":[[-73.78185,-42.42977],[-73.7827,-42.42969],[-73.78442,-42.42939],[-73.7848,-42.4294],[-73.78569,-42.42957],[-73.78605,-42.42953],[-73.78633,-42.42937],[-73.78645,-42.42913],[-73.78625,-42.42839]]}},{"type":"Feature","properties":{"nombre":"Ruta W-488","jerarquia":5},"geometry":{"type":"LineString","coordinates":[[-73.78625,-42.42839],[-73.78624,-42.42784],[-73.78656,-42.426]]}},{"type":"Feature","properties":{"nombre":"Ruta W-488","jerarquia":5},"geometry":{"type":"LineString","coordinates":[[-73.78656,-42.426],[-73.78693,-42.42395],[-73.7871,-42.42345],[-73.78738,-42.42296],[-73.78763,-42.42266],[-73.78867,-42.42176],[-73.78905,-42.42156],[-73.78945,-42.4215],[-73.79182,-42.42183]]}},{"type":"Feature","properties":{"nombre":"Ruta W-488","jerarquia":5},"geometry":{"type":"LineString","coordinates":[[-73.79182,-42.42183],[-73.79245,-42.42188],[-73.7927,-42.42184],[-73.79301,-42.42164],[-73.7931,-42.42139],[-73.79305,-42.4212],[-73.79295,-42.42109],[-73.79196,-42.42047],[-73.79172,-42.4202],[-73.79161,-42.41999],[-73.79154,-42.41967],[-73.79158,-42.41935],[-73.79172,-42.41904],[-73.79196,-42.41877],[-73.7925,-42.41844],[-73.79377,-42.41786],[-73.79565,-42.41721],[-73.79806,-42.41623],[-73.79821,-42.41611],[-73.79999,-42.41407],[-73.80025,-42.4139],[-73.80103,-42.41358]]}},{"type":"Feature","properties":{"nombre":"Ruta W-488","jerarquia":5},"geometry":{"type":"LineString","coordinates":[[-73.80103,-42.41358],[-73.80286,-42.4128],[-73.80305,-42.41265],[-73.80316,-42.41248],[-73.80323,-42.41208],[-73.80342,-42.40948],[-73.80328,-42.40895],[-73.80286,-42.40826]]}},{"type":"Feature","properties":{"nombre":"Pablo Neruda","jerarquia":4},"geometry":{"type":"LineString","coordinates":[[-73.78537,-42.46847],[-73.78531,-42.46825]]}},{"type":"Feature","properties":{"nombre":"Pablo Neruda","jerarquia":4},"geometry":{"type":"LineString","coordinates":[[-73.78344,-42.46165],[-73.78357,-42.46113]]}},{"type":"Feature","properties":{"nombre":"Pablo Neruda","jerarquia":4},"geometry":{"type":"LineString","coordinates":[[-73.78357,-42.46113],[-73.78365,-42.46082]]}},{"type":"Feature","properties":{"nombre":"Pablo Neruda","jerarquia":4},"geometry":{"type":"LineString","coordinates":[[-73.78365,-42.46082],[-73.78375,-42.4604]]}},{"type":"Feature","properties":{"nombre":"Pablo Neruda","jerarquia":4},"geometry":{"type":"LineString","coordinates":[[-73.78375,-42.4604],[-73.78376,-42.46037]]}},{"type":"Feature","properties":{"nombre":"Pablo Neruda","jerarquia":4},"geometry":{"type":"LineString","coordinates":[[-73.78376,-42.46037],[-73.78391,-42.45977]]}},{"type":"Feature","properties":{"nombre":"Pablo Neruda","jerarquia":4},"geometry":{"type":"LineString","coordinates":[[-73.78391,-42.45977],[-73.78392,-42.45973]]}},{"type":"Feature","properties":{"nombre":"Pablo Neruda","jerarquia":4},"geometry":{"type":"LineString","coordinates":[[-73.78392,-42.45973],[-73.78401,-42.45935]]}},{"type":"Feature","properties":{"nombre":"Pablo Neruda","jerarquia":4},"geometry":{"type":"LineString","coordinates":[[-73.78401,-42.45935],[-73.78417,-42.4587]]}},{"type":"Feature","properties":{"nombre":"Camino Estación Mitilicultura","jerarquia":5},"geometry":{"type":"LineString","coordinates":[[-73.7728,-42.45651],[-73.77258,-42.45645]]}},{"type":"Feature","properties":{"nombre":"Camino Estación Mitilicultura","jerarquia":5},"geometry":{"type":"LineString","coordinates":[[-73.77258,-42.45645],[-73.76956,-42.45577],[-73.76846,-42.4554],[-73.768,-42.45519]]}},{"type":"Feature","properties":{"nombre":"Camino Estación Mitilicultura","jerarquia":5},"geometry":{"type":"LineString","coordinates":[[-73.768,-42.45519],[-73.76887,-42.45422]]}},{"type":"Feature","properties":{"nombre":"Camino Estación Mitilicultura","jerarquia":5},"geometry":{"type":"LineString","coordinates":[[-73.76887,-42.45422],[-73.76898,-42.45405],[-73.76896,-42.45392]]}},{"type":"Feature","properties":{"nombre":"Camino Estación Mitilicultura","jerarquia":5},"geometry":{"type":"LineString","coordinates":[[-73.76896,-42.45392],[-73.76876,-42.45364],[-73.76846,-42.45344]]}},{"type":"Feature","properties":{"nombre":"Camino Estación Mitilicultura","jerarquia":5},"geometry":{"type":"LineString","coordinates":[[-73.76846,-42.45344],[-73.76827,-42.45339]]}},{"type":"Feature","properties":{"nombre":"Camino Estación Mitilicultura","jerarquia":5},"geometry":{"type":"LineString","coordinates":[[-73.76827,-42.45339],[-73.76737,-42.45337],[-73.7671,-42.45344],[-73.76636,-42.45381],[-73.76512,-42.45408],[-73.76474,-42.45407],[-73.76376,-42.45392],[-73.76361,-42.45384],[-73.76333,-42.45354],[-73.76317,-42.45345],[-73.76263,-42.45337]]}},{"type":"Feature","properties":{"nombre":"Camino Estación Mitilicultura","jerarquia":5},"geometry":{"type":"LineString","coordinates":[[-73.76263,-42.45337],[-73.76216,-42.45336],[-73.76123,-42.45355],[-73.76099,-42.45355],[-73.7607,-42.45318],[-73.76008,-42.453],[-73.75957,-42.45277],[-73.7592,-42.45215],[-73.75863,-42.45198]]}},{"type":"Feature","properties":{"nombre":"Camino Estación Mitilicultura","jerarquia":5},"geometry":{"type":"LineString","coordinates":[[-73.75863,-42.45198],[-73.75809,-42.45191],[-73.75708,-42.4526],[-73.75647,-42.45272],[-73.75602,-42.453],[-73.7551,-42.45327],[-73.75449,-42.45358]]}},{"type":"Feature","properties":{"nombre":"Camino Estación Mitilicultura","jerarquia":5},"geometry":{"type":"LineString","coordinates":[[-73.75449,-42.45358],[-73.75397,-42.45418],[-73.7537,-42.45473],[-73.75333,-42.45511],[-73.7523,-42.45541],[-73.75168,-42.45541],[-73.75147,-42.45547],[-73.75135,-42.45555],[-73.75025,-42.45675],[-73.75004,-42.45684]]}},{"type":"Feature","properties":{"nombre":"Ruta W-480","jerarquia":5},"geometry":{"type":"LineString","coordinates":[[-73.80286,-42.40826],[-73.80075,-42.40894],[-73.80055,-42.4091],[-73.80008,-42.40977],[-73.79979,-42.40993],[-73.79865,-42.41021],[-73.79741,-42.41075],[-73.79557,-42.41167],[-73.79332,-42.41219],[-73.793,-42.4124],[-73.79258,-42.41278],[-73.79218,-42.41301],[-73.78996,-42.41362]]}},{"type":"Feature","properties":{"nombre":"Ruta W-480","jerarquia":5},"geometry":{"type":"LineString","coordinates":[[-73.78996,-42.41362],[-73.7849,-42.41501],[-73.78125,-42.41521]]}},{"type":"Feature","properties":{"nombre":"Ruta W-480","jerarquia":5},"geometry":{"type":"LineString","coordinates":[[-73.78125,-42.41521],[-73.77845,-42.41735]]}},{"type":"Feature","properties":{"nombre":"Ruta W-480","jerarquia":5},"geometry":{"type":"LineString","coordinates":[[-73.77845,-42.41735],[-73.77702,-42.41842],[-73.77659,-42.41866],[-73.77601,-42.41889]]}},{"type":"Feature","properties":{"nombre":"Ruta W-488","jerarquia":5},"geometry":{"type":"LineString","coordinates":[[-73.80286,-42.40826],[-73.80183,-42.40669],[-73.80144,-42.4062],[-73.80113,-42.40591],[-73.80028,-42.40474]]}},{"type":"Feature","properties":{"nombre":"Ruta W-488","jerarquia":5},"geometry":{"type":"LineString","coordinates":[[-73.80028,-42.40474],[-73.79969,-42.40395]]}},{"type":"Feature","properties":{"nombre":"Ruta W-488","jerarquia":5},"geometry":{"type":"LineString","coordinates":[[-73.79969,-42.40395],[-73.79939,-42.40354]]}},{"type":"Feature","properties":{"nombre":"Ruta W-488","jerarquia":5},"geometry":{"type":"LineString","coordinates":[[-73.79939,-42.40354],[-73.79847,-42.40229]]}},{"type":"Feature","properties":{"nombre":"Ruta W-488","jerarquia":5},"geometry":{"type":"LineString","coordinates":[[-73.79847,-42.40229],[-73.79741,-42.40085]]}},{"type":"Feature","properties":{"nombre":"Ruta W-488","jerarquia":5},"geometry":{"type":"LineString","coordinates":[[-73.79741,-42.40085],[-73.79676,-42.39997]]}},{"type":"Feature","properties":{"nombre":"Ruta W-488","jerarquia":5},"geometry":{"type":"LineString","coordinates":[[-73.79676,-42.39997],[-73.79643,-42.39953]]}},{"type":"Feature","properties":{"nombre":"Ruta W-488","jerarquia":5},"geometry":{"type":"LineString","coordinates":[[-73.79643,-42.39953],[-73.79499,-42.39756]]}},{"type":"Feature","properties":{"nombre":"Ruta W-488","jerarquia":5},"geometry":{"type":"LineString","coordinates":[[-73.79499,-42.39756],[-73.79482,-42.39732]]}},{"type":"Feature","properties":{"nombre":"Ruta W-488","jerarquia":5},"geometry":{"type":"LineString","coordinates":[[-73.79482,-42.39732],[-73.79462,-42.39705]]}},{"type":"Feature","properties":{"nombre":"Ruta W-488","jerarquia":5},"geometry":{"type":"LineString","coordinates":[[-73.79462,-42.39705],[-73.7946,-42.39702]]}},{"type":"Feature","properties":{"nombre":"Ruta W-488","jerarquia":5},"geometry":{"type":"LineString","coordinates":[[-73.7946,-42.39702],[-73.79427,-42.39657]]}},{"type":"Feature","properties":{"nombre":"Ruta W-488","jerarquia":5},"geometry":{"type":"LineString","coordinates":[[-73.79427,-42.39657],[-73.79363,-42.39569]]}},{"type":"Feature","properties":{"nombre":"Ruta W-488","jerarquia":5},"geometry":{"type":"LineString","coordinates":[[-73.79363,-42.39569],[-73.78997,-42.39069]]}},{"type":"Feature","properties":{"nombre":"Ruta W-400","jerarquia":5},"geometry":{"type":"LineString","coordinates":[[-73.79427,-42.39657],[-73.79208,-42.39751]]}},{"type":"Feature","properties":{"nombre":"Ruta W-400","jerarquia":5},"geometry":{"type":"LineString","coordinates":[[-73.79208,-42.39751],[-73.79182,-42.39762]]}},{"type":"Feature","properties":{"nombre":"Ruta W-400","jerarquia":5},"geometry":{"type":"LineString","coordinates":[[-73.79182,-42.39762],[-73.79015,-42.39833]]}},{"type":"Feature","properties":{"nombre":"Ruta W-400","jerarquia":5},"geometry":{"type":"LineString","coordinates":[[-73.79015,-42.39833],[-73.78934,-42.39861],[-73.78895,-42.39867]]}},{"type":"Feature","properties":{"nombre":"Ruta W-400","jerarquia":5},"geometry":{"type":"LineString","coordinates":[[-73.78895,-42.39867],[-73.78696,-42.39879],[-73.78626,-42.39868],[-73.7861,-42.3987],[-73.78522,-42.40002],[-73.78395,-42.40133]]}},{"type":"Feature","properties":{"nombre":"Ruta W-400","jerarquia":5},"geometry":{"type":"LineString","coordinates":[[-73.78395,-42.40133],[-73.78366,-42.40157],[-73.78337,-42.40167],[-73.78214,-42.40197]]}},{"type":"Feature","properties":{"nombre":"Ruta W-400","jerarquia":5},"geometry":{"type":"LineString","coordinates":[[-73.78214,-42.40197],[-73.78199,-42.40199]]}},{"type":"Feature","properties":{"nombre":"Ruta 5 Sur","jerarquia":3},"geometry":{"type":"LineString","coordinates":[[-73.77141,-42.48101],[-73.77185,-42.48103]]}},{"type":"Feature","properties":{"nombre":"Ruta W-460","jerarquia":5},"geometry":{"type":"LineString","coordinates":[[-73.78473,-42.39441],[-73.78879,-42.39152]]}},{"type":"Feature","properties":{"nombre":"Ruta W-460","jerarquia":5},"geometry":{"type":"LineString","coordinates":[[-73.78879,-42.39152],[-73.78997,-42.39069]]}},{"type":"Feature","properties":{"nombre":"Ruta W-460","jerarquia":5},"geometry":{"type":"LineString","coordinates":[[-73.78997,-42.39069],[-73.7926,-42.38698]]}},{"type":"Feature","properties":{"nombre":"Ruta W-651","jerarquia":5},"geometry":{"type":"LineString","coordinates":[[-73.72644,-42.42007],[-73.72533,-42.42046],[-73.72378,-42.42145],[-73.7233,-42.42168],[-73.72242,-42.42199],[-73.72027,-42.42237],[-73.71986,-42.42256]]}},{"type":"Feature","properties":{"nombre":"Ruta W-651","jerarquia":5},"geometry":{"type":"LineString","coordinates":[[-73.71986,-42.42256],[-73.71968,-42.42278],[-73.71922,-42.42383],[-73.7189,-42.4244],[-73.71865,-42.42527],[-73.71851,-42.42662],[-73.71856,-42.42686],[-73.71897,-42.42774]]}},{"type":"Feature","properties":{"nombre":"Ruta W-651","jerarquia":5},"geometry":{"type":"LineString","coordinates":[[-73.71897,-42.42774],[-73.71908,-42.42811]]}},{"type":"Feature","properties":{"nombre":"Ruta W-651","jerarquia":5},"geometry":{"type":"LineString","coordinates":[[-73.71908,-42.42811],[-73.71906,-42.42843],[-73.71887,-42.42874],[-73.71783,-42.43002],[-73.71649,-42.43136],[-73.7145,-42.43243],[-73.71407,-42.43283],[-73.71384,-42.43312],[-73.71246,-42.4343]]}},{"type":"Feature","properties":{"nombre":"Profesor Hipólito Villegas","jerarquia":5},"geometry":{"type":"LineString","coordinates":[[-73.78208,-42.46238],[-73.78215,-42.46274]]}},{"type":"Feature","properties":{"nombre":"Profesor Hipólito Villegas","jerarquia":5},"geometry":{"type":"LineString","coordinates":[[-73.78215,-42.46274],[-73.78224,-42.46308]]}},{"type":"Feature","properties":{"nombre":"Profesor Hipólito Villegas","jerarquia":5},"geometry":{"type":"LineString","coordinates":[[-73.78224,-42.46308],[-73.78228,-42.46329]]}},{"type":"Feature","properties":{"nombre":"Profesor Hipólito Villegas","jerarquia":5},"geometry":{"type":"LineString","coordinates":[[-73.78228,-42.46329],[-73.78232,-42.46348],[-73.78263,-42.46392]]}},{"type":"Feature","properties":{"nombre":"Profesor Hipólito Villegas","jerarquia":5},"geometry":{"type":"LineString","coordinates":[[-73.78263,-42.46392],[-73.7828,-42.46415],[-73.783,-42.46422],[-73.7831,-42.46431]]}},{"type":"Feature","properties":{"nombre":"Profesor Hipólito Villegas","jerarquia":5},"geometry":{"type":"LineString","coordinates":[[-73.7831,-42.46431],[-73.78321,-42.46451]]}},{"type":"Feature","properties":{"nombre":"","jerarquia":5},"geometry":{"type":"LineString","coordinates":[[-73.77739,-42.46545],[-73.77786,-42.46505]]}},{"type":"Feature","properties":{"nombre":"Caguach","jerarquia":5},"geometry":{"type":"LineString","coordinates":[[-73.78223,-42.47004],[-73.78215,-42.4699]]}},{"type":"Feature","properties":{"nombre":"Caguach","jerarquia":5},"geometry":{"type":"LineString","coordinates":[[-73.78215,-42.4699],[-73.78192,-42.46957]]}},{"type":"Feature","properties":{"nombre":"Caguach","jerarquia":5},"geometry":{"type":"LineString","coordinates":[[-73.78192,-42.46957],[-73.78153,-42.46897]]}},{"type":"Feature","properties":{"nombre":"Ignacio Carrera Pinto","jerarquia":5},"geometry":{"type":"LineString","coordinates":[[-73.76629,-42.4718],[-73.76594,-42.47172],[-73.76555,-42.47175]]}},{"type":"Feature","properties":{"nombre":"Ignacio Carrera Pinto","jerarquia":5},"geometry":{"type":"LineString","coordinates":[[-73.76555,-42.47175],[-73.76437,-42.47192]]}},{"type":"Feature","properties":{"nombre":"Freire","jerarquia":4},"geometry":{"type":"LineString","coordinates":[[-73.76837,-42.4761],[-73.76836,-42.47636]]}},{"type":"Feature","properties":{"nombre":"Freire","jerarquia":4},"geometry":{"type":"LineString","coordinates":[[-73.76836,-42.47636],[-73.76835,-42.47703]]}},{"type":"Feature","properties":{"nombre":"Freire","jerarquia":4},"geometry":{"type":"LineString","coordinates":[[-73.76835,-42.47703],[-73.76834,-42.47782]]}},{"type":"Feature","properties":{"nombre":"Freire","jerarquia":4},"geometry":{"type":"LineString","coordinates":[[-73.76834,-42.47782],[-73.76834,-42.47803]]}},{"type":"Feature","properties":{"nombre":"Sargento Aldea","jerarquia":5},"geometry":{"type":"LineString","coordinates":[[-73.76834,-42.47803],[-73.76685,-42.47805]]}},{"type":"Feature","properties":{"nombre":"Sargento Aldea","jerarquia":5},"geometry":{"type":"LineString","coordinates":[[-73.76685,-42.47805],[-73.7667,-42.47805]]}},{"type":"Feature","properties":{"nombre":"Sargento Aldea","jerarquia":5},"geometry":{"type":"LineString","coordinates":[[-73.7667,-42.47805],[-73.76542,-42.47806]]}},{"type":"Feature","properties":{"nombre":"Sargento Aldea","jerarquia":5},"geometry":{"type":"LineString","coordinates":[[-73.76542,-42.47806],[-73.76526,-42.47806]]}},{"type":"Feature","properties":{"nombre":"Eleuterio Ramírez","jerarquia":5},"geometry":{"type":"LineString","coordinates":[[-73.76256,-42.47934],[-73.76356,-42.47932]]}},{"type":"Feature","properties":{"nombre":"Eleuterio Ramírez","jerarquia":5},"geometry":{"type":"LineString","coordinates":[[-73.76356,-42.47932],[-73.76365,-42.47932]]}},{"type":"Feature","properties":{"nombre":"Ruta W-542","jerarquia":5},"geometry":{"type":"LineString","coordinates":[[-73.78653,-42.50161],[-73.78705,-42.50128]]}},{"type":"Feature","properties":{"nombre":"Ruta W-542","jerarquia":5},"geometry":{"type":"LineString","coordinates":[[-73.78705,-42.50128],[-73.78719,-42.501],[-73.78798,-42.50048],[-73.78903,-42.49952],[-73.78972,-42.49897],[-73.79106,-42.49805],[-73.79184,-42.49738]]}},{"type":"Feature","properties":{"nombre":"Ruta W-542","jerarquia":5},"geometry":{"type":"LineString","coordinates":[[-73.79184,-42.49738],[-73.79211,-42.49671],[-73.79278,-42.49577]]}},{"type":"Feature","properties":{"nombre":"Ruta W-542","jerarquia":5},"geometry":{"type":"LineString","coordinates":[[-73.79278,-42.49577],[-73.79289,-42.49559],[-73.79348,-42.49517]]}},{"type":"Feature","properties":{"nombre":"Ruta W-542","jerarquia":5},"geometry":{"type":"LineString","coordinates":[[-73.79348,-42.49517],[-73.79396,-42.49501],[-73.79417,-42.49499],[-73.79507,-42.49502]]}},{"type":"Feature","properties":{"nombre":"Ruta W-542","jerarquia":5},"geometry":{"type":"LineString","coordinates":[[-73.79507,-42.49502],[-73.79712,-42.49459]]}},{"type":"Feature","properties":{"nombre":"Camino A Nercón","jerarquia":5},"geometry":{"type":"LineString","coordinates":[[-73.79465,-42.48369],[-73.79476,-42.48381],[-73.79468,-42.48427],[-73.7947,-42.48455],[-73.79499,-42.48518],[-73.79527,-42.487],[-73.79561,-42.48798],[-73.79562,-42.48819],[-73.7958,-42.48863],[-73.79598,-42.48882],[-73.79692,-42.48918],[-73.79779,-42.49028],[-73.79798,-42.49041],[-73.7984,-42.49056],[-73.79909,-42.49061],[-73.79932,-42.49072],[-73.80019,-42.49186],[-73.80035,-42.4925]]}},{"type":"Feature","properties":{"nombre":"Los Carrera","jerarquia":4},"geometry":{"type":"LineString","coordinates":[[-73.76669,-42.48288],[-73.7667,-42.48173]]}},{"type":"Feature","properties":{"nombre":"Los Carrera","jerarquia":4},"geometry":{"type":"LineString","coordinates":[[-73.7667,-42.48173],[-73.76671,-42.48052]]}},{"type":"Feature","properties":{"nombre":"Los Carrera","jerarquia":4},"geometry":{"type":"LineString","coordinates":[[-73.76671,-42.48052],[-73.76672,-42.4793]]}},{"type":"Feature","properties":{"nombre":"Chacabuco","jerarquia":3},"geometry":{"type":"LineString","coordinates":[[-73.76509,-42.48409],[-73.76348,-42.48408]]}},{"type":"Feature","properties":{"nombre":"Eleuterio Ramírez","jerarquia":5},"geometry":{"type":"LineString","coordinates":[[-73.76209,-42.47963],[-73.7624,-42.4794]]}},{"type":"Feature","properties":{"nombre":"Eleuterio Ramírez","jerarquia":5},"geometry":{"type":"LineString","coordinates":[[-73.7624,-42.4794],[-73.76256,-42.47934]]}},{"type":"Feature","properties":{"nombre":"Portales","jerarquia":4},"geometry":{"type":"LineString","coordinates":[[-73.76842,-42.48226],[-73.76829,-42.48233]]}},{"type":"Feature","properties":{"nombre":"Portales","jerarquia":4},"geometry":{"type":"LineString","coordinates":[[-73.76829,-42.48233],[-73.76727,-42.48283],[-73.76669,-42.48288]]}},{"type":"Feature","properties":{"nombre":"Portales","jerarquia":4},"geometry":{"type":"LineString","coordinates":[[-73.76669,-42.48288],[-73.76642,-42.48288]]}},{"type":"Feature","properties":{"nombre":"Portales","jerarquia":4},"geometry":{"type":"LineString","coordinates":[[-73.76642,-42.48288],[-73.76528,-42.48288]]}},{"type":"Feature","properties":{"nombre":"Portales","jerarquia":4},"geometry":{"type":"LineString","coordinates":[[-73.76528,-42.48288],[-73.76514,-42.48288]]}},{"type":"Feature","properties":{"nombre":"Balmaceda","jerarquia":3},"geometry":{"type":"LineString","coordinates":[[-73.76514,-42.48288],[-73.76511,-42.48345]]}},{"type":"Feature","properties":{"nombre":"Balmaceda","jerarquia":3},"geometry":{"type":"LineString","coordinates":[[-73.76511,-42.48345],[-73.76509,-42.48409]]}},{"type":"Feature","properties":{"nombre":"San Martín","jerarquia":3},"geometry":{"type":"LineString","coordinates":[[-73.76355,-42.48179],[-73.76355,-42.48174]]}},{"type":"Feature","properties":{"nombre":"San Martín","jerarquia":3},"geometry":{"type":"LineString","coordinates":[[-73.76355,-42.48174],[-73.7636,-42.4806]]}},{"type":"Feature","properties":{"nombre":"San Martín","jerarquia":3},"geometry":{"type":"LineString","coordinates":[[-73.7636,-42.4806],[-73.7636,-42.48054]]}},{"type":"Feature","properties":{"nombre":"Blanco Encalada","jerarquia":4},"geometry":{"type":"LineString","coordinates":[[-73.75976,-42.48207],[-73.76071,-42.48264]]}},{"type":"Feature","properties":{"nombre":"Blanco Encalada","jerarquia":4},"geometry":{"type":"LineString","coordinates":[[-73.76071,-42.48264],[-73.76115,-42.48284],[-73.76193,-42.48288]]}},{"type":"Feature","properties":{"nombre":"Ruta 5 Sur","jerarquia":3},"geometry":{"type":"LineString","coordinates":[[-73.76479,-42.48496],[-73.76546,-42.48469],[-73.76721,-42.48346],[-73.76837,-42.48297],[-73.76907,-42.4826],[-73.76953,-42.48225],[-73.77011,-42.48161]]}},{"type":"Feature","properties":{"nombre":"Blanco Encalada","jerarquia":4},"geometry":{"type":"LineString","coordinates":[[-73.75937,-42.48184],[-73.75976,-42.48207]]}},{"type":"Feature","properties":{"nombre":"Pedro Montt","jerarquia":4},"geometry":{"type":"LineString","coordinates":[[-73.75918,-42.48233],[-73.75917,-42.48225],[-73.75937,-42.48184]]}},{"type":"Feature","properties":{"nombre":"Magallanes","jerarquia":4},"geometry":{"type":"LineString","coordinates":[[-73.76623,-42.47573],[-73.76547,-42.47571]]}},{"type":"Feature","properties":{"nombre":"Magallanes","jerarquia":4},"geometry":{"type":"LineString","coordinates":[[-73.76547,-42.47571],[-73.76536,-42.47571]]}},{"type":"Feature","properties":{"nombre":"Los Carrera","jerarquia":4},"geometry":{"type":"LineString","coordinates":[[-73.76636,-42.47588],[-73.76623,-42.47573]]}},{"type":"Feature","properties":{"nombre":"Piloto Samuel Ulloa","jerarquia":5},"geometry":{"type":"LineString","coordinates":[[-73.76997,-42.46971],[-73.7699,-42.46994],[-73.7699,-42.47023]]}},{"type":"Feature","properties":{"nombre":"Galvarino Riveros","jerarquia":4},"geometry":{"type":"LineString","coordinates":[[-73.76675,-42.47695],[-73.7681,-42.47626]]}},{"type":"Feature","properties":{"nombre":"Galvarino Riveros","jerarquia":4},"geometry":{"type":"LineString","coordinates":[[-73.7681,-42.47626],[-73.76817,-42.47622]]}},{"type":"Feature","properties":{"nombre":"Galvarino Riveros","jerarquia":4},"geometry":{"type":"LineString","coordinates":[[-73.76817,-42.47622],[-73.76837,-42.4761]]}},{"type":"Feature","properties":{"nombre":"Manuel Ballesteros M.","jerarquia":5},"geometry":{"type":"LineString","coordinates":[[-73.77479,-42.46649],[-73.77483,-42.46663],[-73.77517,-42.46724]]}},{"type":"Feature","properties":{"nombre":"","jerarquia":5},"geometry":{"type":"LineString","coordinates":[[-73.76846,-42.45344],[-73.76776,-42.4528],[-73.76758,-42.4523]]}},{"type":"Feature","properties":{"nombre":"","jerarquia":5},"geometry":{"type":"LineString","coordinates":[[-73.76758,-42.4523],[-73.76756,-42.45203],[-73.76764,-42.45178],[-73.76835,-42.45066]]}},{"type":"Feature","properties":{"nombre":"","jerarquia":5},"geometry":{"type":"LineString","coordinates":[[-73.76835,-42.45066],[-73.76996,-42.44804]]}},{"type":"Feature","properties":{"nombre":"","jerarquia":5},"geometry":{"type":"LineString","coordinates":[[-73.76996,-42.44804],[-73.76996,-42.44775],[-73.7695,-42.44724],[-73.76938,-42.44703],[-73.76933,-42.44682],[-73.76935,-42.44661],[-73.76954,-42.44596],[-73.76964,-42.44578],[-73.76983,-42.44563],[-73.77041,-42.44542],[-73.77069,-42.44515],[-73.77075,-42.44499],[-73.77075,-42.44481],[-73.77051,-42.44425],[-73.77049,-42.44412],[-73.77057,-42.44391],[-73.77083,-42.44363]]}},{"type":"Feature","properties":{"nombre":"","jerarquia":5},"geometry":{"type":"LineString","coordinates":[[-73.77083,-42.44363],[-73.77122,-42.44322]]}},{"type":"Feature","properties":{"nombre":"","jerarquia":5},"geometry":{"type":"LineString","coordinates":[[-73.77122,-42.44322],[-73.77177,-42.44256]]}},{"type":"Feature","properties":{"nombre":"Ruta 5 Sur","jerarquia":3},"geometry":{"type":"LineString","coordinates":[[-73.77313,-42.44336],[-73.77372,-42.44722]]}},{"type":"Feature","properties":{"nombre":"Llau Llao","jerarquia":5},"geometry":{"type":"LineString","coordinates":[[-73.76649,-42.43263],[-73.76656,-42.43249]]}},{"type":"Feature","properties":{"nombre":"Ruta 5 Sur","jerarquia":3},"geometry":{"type":"LineString","coordinates":[[-73.77027,-42.43467],[-73.76989,-42.43393]]}},{"type":"Feature","properties":{"nombre":"Ruta 5 Sur","jerarquia":3},"geometry":{"type":"LineString","coordinates":[[-73.76989,-42.43393],[-73.76981,-42.43378]]}},{"type":"Feature","properties":{"nombre":"Arturo Prat","jerarquia":5},"geometry":{"type":"LineString","coordinates":[[-73.77313,-42.44336],[-73.77267,-42.44334],[-73.77211,-42.44308],[-73.77202,-42.44299],[-73.77177,-42.44256]]}},{"type":"Feature","properties":{"nombre":"Camino a la Quinta","jerarquia":5},"geometry":{"type":"LineString","coordinates":[[-73.77395,-42.44871],[-73.77376,-42.44891],[-73.77354,-42.44951],[-73.77348,-42.4498],[-73.77344,-42.45075]]}},{"type":"Feature","properties":{"nombre":"Camino a la Quinta","jerarquia":5},"geometry":{"type":"LineString","coordinates":[[-73.77344,-42.45075],[-73.77342,-42.45132],[-73.77334,-42.45169]]}},{"type":"Feature","properties":{"nombre":"Camino a la Quinta","jerarquia":5},"geometry":{"type":"LineString","coordinates":[[-73.77334,-42.45169],[-73.77283,-42.4529]]}},{"type":"Feature","properties":{"nombre":"Camino a la Quinta","jerarquia":5},"geometry":{"type":"LineString","coordinates":[[-73.77283,-42.4529],[-73.77267,-42.45331]]}},{"type":"Feature","properties":{"nombre":"Camino a la Quinta","jerarquia":5},"geometry":{"type":"LineString","coordinates":[[-73.77267,-42.45331],[-73.77265,-42.45434]]}},{"type":"Feature","properties":{"nombre":"Camino a la Quinta","jerarquia":5},"geometry":{"type":"LineString","coordinates":[[-73.77265,-42.45434],[-73.77264,-42.45502]]}},{"type":"Feature","properties":{"nombre":"Camino a la Quinta","jerarquia":5},"geometry":{"type":"LineString","coordinates":[[-73.77264,-42.45502],[-73.77269,-42.45597]]}},{"type":"Feature","properties":{"nombre":"Camino a la Quinta","jerarquia":5},"geometry":{"type":"LineString","coordinates":[[-73.77269,-42.45597],[-73.7728,-42.45651]]}},{"type":"Feature","properties":{"nombre":"Galvarino Riveros","jerarquia":4},"geometry":{"type":"LineString","coordinates":[[-73.76837,-42.4761],[-73.76885,-42.47584]]}},{"type":"Feature","properties":{"nombre":"Galvarino Riveros","jerarquia":4},"geometry":{"type":"LineString","coordinates":[[-73.76885,-42.47584],[-73.76935,-42.47558]]}},{"type":"Feature","properties":{"nombre":"Galvarino Riveros","jerarquia":4},"geometry":{"type":"LineString","coordinates":[[-73.76935,-42.47558],[-73.77028,-42.4751]]}},{"type":"Feature","properties":{"nombre":"Galvarino Riveros","jerarquia":4},"geometry":{"type":"LineString","coordinates":[[-73.77028,-42.4751],[-73.77097,-42.47492]]}},{"type":"Feature","properties":{"nombre":"Galvarino Riveros","jerarquia":4},"geometry":{"type":"LineString","coordinates":[[-73.77097,-42.47492],[-73.77117,-42.47488]]}},{"type":"Feature","properties":{"nombre":"Galvarino Riveros","jerarquia":4},"geometry":{"type":"LineString","coordinates":[[-73.77117,-42.47488],[-73.77179,-42.47473]]}},{"type":"Feature","properties":{"nombre":"Galvarino Riveros","jerarquia":4},"geometry":{"type":"LineString","coordinates":[[-73.77179,-42.47473],[-73.77246,-42.47452]]}},{"type":"Feature","properties":{"nombre":"Galvarino Riveros","jerarquia":4},"geometry":{"type":"LineString","coordinates":[[-73.77246,-42.47452],[-73.7737,-42.47379]]}},{"type":"Feature","properties":{"nombre":"Galvarino Riveros","jerarquia":4},"geometry":{"type":"LineString","coordinates":[[-73.7737,-42.47379],[-73.77442,-42.47344],[-73.77496,-42.47327]]}},{"type":"Feature","properties":{"nombre":"Galvarino Riveros","jerarquia":4},"geometry":{"type":"LineString","coordinates":[[-73.77496,-42.47327],[-73.77649,-42.47282]]}},{"type":"Feature","properties":{"nombre":"Galvarino Riveros","jerarquia":4},"geometry":{"type":"LineString","coordinates":[[-73.77649,-42.47282],[-73.77704,-42.47256],[-73.7784,-42.4717]]}},{"type":"Feature","properties":{"nombre":"Galvarino Riveros","jerarquia":4},"geometry":{"type":"LineString","coordinates":[[-73.7784,-42.4717],[-73.7796,-42.47102]]}},{"type":"Feature","properties":{"nombre":"Galvarino Riveros","jerarquia":4},"geometry":{"type":"LineString","coordinates":[[-73.7796,-42.47102],[-73.78003,-42.47082]]}},{"type":"Feature","properties":{"nombre":"Galvarino Riveros","jerarquia":4},"geometry":{"type":"LineString","coordinates":[[-73.78003,-42.47082],[-73.78109,-42.47033]]}},{"type":"Feature","properties":{"nombre":"Galvarino Riveros","jerarquia":4},"geometry":{"type":"LineString","coordinates":[[-73.78109,-42.47033],[-73.78137,-42.47024]]}},{"type":"Feature","properties":{"nombre":"Galvarino Riveros","jerarquia":4},"geometry":{"type":"LineString","coordinates":[[-73.78137,-42.47024],[-73.78207,-42.47007]]}},{"type":"Feature","properties":{"nombre":"Galvarino Riveros","jerarquia":4},"geometry":{"type":"LineString","coordinates":[[-73.78207,-42.47007],[-73.78223,-42.47004]]}},{"type":"Feature","properties":{"nombre":"Freire","jerarquia":4},"geometry":{"type":"LineString","coordinates":[[-73.76834,-42.47803],[-73.76833,-42.47928]]}},{"type":"Feature","properties":{"nombre":"Freire","jerarquia":4},"geometry":{"type":"LineString","coordinates":[[-73.76833,-42.47928],[-73.7683,-42.48052]]}},{"type":"Feature","properties":{"nombre":"Freire","jerarquia":4},"geometry":{"type":"LineString","coordinates":[[-73.7683,-42.48052],[-73.76828,-42.48173]]}},{"type":"Feature","properties":{"nombre":"Freire","jerarquia":4},"geometry":{"type":"LineString","coordinates":[[-73.76828,-42.48173],[-73.76829,-42.4822]]}},{"type":"Feature","properties":{"nombre":"Freire","jerarquia":4},"geometry":{"type":"LineString","coordinates":[[-73.76829,-42.4822],[-73.76829,-42.48233]]}},{"type":"Feature","properties":{"nombre":"Ruta W-456","jerarquia":5},"geometry":{"type":"LineString","coordinates":[[-73.78879,-42.39152],[-73.78881,-42.39134],[-73.78875,-42.39107],[-73.7885,-42.3907],[-73.78433,-42.38755]]}},{"type":"Feature","properties":{"nombre":"Ruta W-483","jerarquia":5},"geometry":{"type":"LineString","coordinates":[[-73.7726,-42.40466],[-73.77282,-42.40551],[-73.7728,-42.40572],[-73.77265,-42.40581],[-73.77195,-42.40585],[-73.77171,-42.406],[-73.77106,-42.40689],[-73.77042,-42.4075],[-73.77031,-42.40774],[-73.77009,-42.40859],[-73.77,-42.40868],[-73.76915,-42.40891],[-73.76887,-42.40903],[-73.76873,-42.40921],[-73.76864,-42.40953],[-73.76767,-42.41085]]}},{"type":"Feature","properties":{"nombre":"Ruta W-483","jerarquia":5},"geometry":{"type":"LineString","coordinates":[[-73.76767,-42.41085],[-73.76747,-42.41113],[-73.76737,-42.41176],[-73.76727,-42.412],[-73.7669,-42.4125],[-73.76687,-42.4126],[-73.76692,-42.4127],[-73.7674,-42.41309],[-73.76777,-42.41327],[-73.76811,-42.41417],[-73.76811,-42.41429],[-73.76791,-42.4149],[-73.76804,-42.4155],[-73.76796,-42.41576],[-73.76792,-42.41662],[-73.76777,-42.4174],[-73.76766,-42.4175],[-73.7675,-42.41754],[-73.76653,-42.41743],[-73.76634,-42.41746],[-73.76598,-42.41797],[-73.76551,-42.41848],[-73.76531,-42.41864],[-73.76454,-42.41904],[-73.76335,-42.42021],[-73.76271,-42.42044]]}},{"type":"Feature","properties":{"nombre":"Ruta W-483","jerarquia":5},"geometry":{"type":"LineString","coordinates":[[-73.76271,-42.42044],[-73.76211,-42.42072]]}},{"type":"Feature","properties":{"nombre":"Ruta W-483","jerarquia":5},"geometry":{"type":"LineString","coordinates":[[-73.76211,-42.42072],[-73.76086,-42.42133]]}},{"type":"Feature","properties":{"nombre":"Ruta W-483","jerarquia":5},"geometry":{"type":"LineString","coordinates":[[-73.76086,-42.42133],[-73.7598,-42.42189],[-73.75943,-42.42202],[-73.7589,-42.42211]]}},{"type":"Feature","properties":{"nombre":"Ruta W-483","jerarquia":5},"geometry":{"type":"LineString","coordinates":[[-73.7589,-42.42211],[-73.75846,-42.42222],[-73.75806,-42.42239],[-73.75775,-42.42254],[-73.75755,-42.42272],[-73.75629,-42.42455]]}},{"type":"Feature","properties":{"nombre":"Esmeralda","jerarquia":3},"geometry":{"type":"LineString","coordinates":[[-73.76348,-42.48408],[-73.76351,-42.48294]]}},{"type":"Feature","properties":{"nombre":"Esmeralda","jerarquia":3},"geometry":{"type":"LineString","coordinates":[[-73.76351,-42.48294],[-73.76351,-42.48288]]}},{"type":"Feature","properties":{"nombre":"Ruta W-485","jerarquia":5},"geometry":{"type":"LineString","coordinates":[[-73.7726,-42.40466],[-73.77249,-42.40429]]}},{"type":"Feature","properties":{"nombre":"Ruta W-485","jerarquia":5},"geometry":{"type":"LineString","coordinates":[[-73.77249,-42.40429],[-73.77232,-42.40325]]}},{"type":"Feature","properties":{"nombre":"Puente Ten Ten","jerarquia":5},"geometry":{"type":"LineString","coordinates":[[-73.76629,-42.46442],[-73.76575,-42.46462]]}},{"type":"Feature","properties":{"nombre":"","jerarquia":5},"geometry":{"type":"LineString","coordinates":[[-73.75793,-42.46508],[-73.75695,-42.46524]]}},{"type":"Feature","properties":{"nombre":"","jerarquia":5},"geometry":{"type":"LineString","coordinates":[[-73.75695,-42.46524],[-73.75603,-42.46539]]}},{"type":"Feature","properties":{"nombre":"","jerarquia":5},"geometry":{"type":"LineString","coordinates":[[-73.75603,-42.46539],[-73.7556,-42.46547],[-73.75471,-42.46548],[-73.75448,-42.4656],[-73.75433,-42.46608],[-73.75416,-42.46713],[-73.75387,-42.46805],[-73.75349,-42.46914],[-73.75321,-42.46953],[-73.75235,-42.47032],[-73.75213,-42.47046],[-73.75019,-42.47097]]}},{"type":"Feature","properties":{"nombre":"","jerarquia":5},"geometry":{"type":"LineString","coordinates":[[-73.75019,-42.47097],[-73.74993,-42.47139],[-73.74976,-42.47152],[-73.74918,-42.47164],[-73.749,-42.4716],[-73.74892,-42.47151],[-73.74889,-42.47099],[-73.74882,-42.4709],[-73.74835,-42.47081],[-73.74767,-42.47084],[-73.7473,-42.47121],[-73.74725,-42.47142],[-73.74743,-42.47236],[-73.74771,-42.47306]]}},{"type":"Feature","properties":{"nombre":"","jerarquia":5},"geometry":{"type":"LineString","coordinates":[[-73.74771,-42.47306],[-73.74802,-42.47408],[-73.74831,-42.47473],[-73.74851,-42.47493],[-73.74917,-42.47521],[-73.74962,-42.47523],[-73.75149,-42.47458],[-73.75453,-42.47331],[-73.75485,-42.47311],[-73.75539,-42.47257],[-73.75569,-42.47234],[-73.75629,-42.47201],[-73.75671,-42.47138],[-73.75767,-42.47068],[-73.7585,-42.46969],[-73.75864,-42.46963],[-73.75918,-42.46958],[-73.75952,-42.46948],[-73.75972,-42.46938],[-73.76065,-42.46861],[-73.7609,-42.4685],[-73.76212,-42.46827],[-73.76266,-42.46804],[-73.76283,-42.46787]]}},{"type":"Feature","properties":{"nombre":"","jerarquia":5},"geometry":{"type":"LineString","coordinates":[[-73.76283,-42.46787],[-73.76295,-42.46744],[-73.76381,-42.46669]]}},{"type":"Feature","properties":{"nombre":"","jerarquia":5},"geometry":{"type":"LineString","coordinates":[[-73.76381,-42.46669],[-73.76453,-42.46627],[-73.76469,-42.46612],[-73.76478,-42.46588],[-73.76467,-42.46552],[-73.76471,-42.46535],[-73.76505,-42.46495],[-73.7654,-42.46475]]}},{"type":"Feature","properties":{"nombre":"San Martín","jerarquia":3},"geometry":{"type":"LineString","coordinates":[[-73.76387,-42.47308],[-73.76395,-42.47243]]}},{"type":"Feature","properties":{"nombre":"San Martín","jerarquia":3},"geometry":{"type":"LineString","coordinates":[[-73.76395,-42.47243],[-73.76417,-42.47195]]}},{"type":"Feature","properties":{"nombre":"San Martín","jerarquia":3},"geometry":{"type":"LineString","coordinates":[[-73.76417,-42.47195],[-73.76421,-42.47191]]}},{"type":"Feature","properties":{"nombre":"Galvarino Riveros","jerarquia":5},"geometry":{"type":"LineString","coordinates":[[-73.80182,-42.45902],[-73.80258,-42.45785]]}},{"type":"Feature","properties":{"nombre":"Blanco Encalada","jerarquia":4},"geometry":{"type":"LineString","coordinates":[[-73.76351,-42.48288],[-73.76193,-42.48288]]}},{"type":"Feature","properties":{"nombre":"Gamboa","jerarquia":5},"geometry":{"type":"LineString","coordinates":[[-73.76355,-42.48174],[-73.76511,-42.48173]]}},{"type":"Feature","properties":{"nombre":"Gamboa","jerarquia":5},"geometry":{"type":"LineString","coordinates":[[-73.76511,-42.48173],[-73.76518,-42.48173]]}},{"type":"Feature","properties":{"nombre":"Alto Muro","jerarquia":5},"geometry":{"type":"LineString","coordinates":[[-73.75152,-42.40225],[-73.75141,-42.40295],[-73.75167,-42.40401],[-73.75171,-42.40466]]}},{"type":"Feature","properties":{"nombre":"Alto Muro","jerarquia":5},"geometry":{"type":"LineString","coordinates":[[-73.75171,-42.40466],[-73.75172,-42.40543],[-73.75193,-42.4064],[-73.75158,-42.40715],[-73.75139,-42.40816],[-73.75146,-42.40838],[-73.7518,-42.40891],[-73.7518,-42.40899],[-73.75177,-42.40909],[-73.75113,-42.40974],[-73.75111,-42.40994],[-73.75208,-42.41184]]}},{"type":"Feature","properties":{"nombre":"Alto Muro","jerarquia":5},"geometry":{"type":"LineString","coordinates":[[-73.75208,-42.41184],[-73.7529,-42.4134],[-73.75308,-42.4138],[-73.75337,-42.41476]]}},{"type":"Feature","properties":{"nombre":"Alto Muro","jerarquia":5},"geometry":{"type":"LineString","coordinates":[[-73.75337,-42.41476],[-73.75382,-42.41617]]}},{"type":"Feature","properties":{"nombre":"Alto Muro","jerarquia":5},"geometry":{"type":"LineString","coordinates":[[-73.75382,-42.41617],[-73.75415,-42.41729],[-73.75469,-42.41847],[-73.75481,-42.41881]]}},{"type":"Feature","properties":{"nombre":"Alto Muro","jerarquia":5},"geometry":{"type":"LineString","coordinates":[[-73.75481,-42.41881],[-73.75511,-42.41983],[-73.75515,-42.42061],[-73.75507,-42.42108],[-73.75506,-42.42211],[-73.75485,-42.42264],[-73.75465,-42.42284]]}},{"type":"Feature","properties":{"nombre":"Freire","jerarquia":4},"geometry":{"type":"LineString","coordinates":[[-73.76829,-42.4822],[-73.76842,-42.48226]]}},{"type":"Feature","properties":{"nombre":"Portales","jerarquia":4},"geometry":{"type":"LineString","coordinates":[[-73.76842,-42.48226],[-73.76998,-42.48136],[-73.7702,-42.48128]]}},{"type":"Feature","properties":{"nombre":"Ruta 5 Sur","jerarquia":3},"geometry":{"type":"LineString","coordinates":[[-73.76734,-42.46463],[-73.76729,-42.46474]]}},{"type":"Feature","properties":{"nombre":"Ruta 5 Sur","jerarquia":3},"geometry":{"type":"LineString","coordinates":[[-73.76729,-42.46474],[-73.76726,-42.46482]]}},{"type":"Feature","properties":{"nombre":"Ruta 5 Sur","jerarquia":3},"geometry":{"type":"LineString","coordinates":[[-73.76726,-42.46482],[-73.76629,-42.46706]]}},{"type":"Feature","properties":{"nombre":"Serrano","jerarquia":5},"geometry":{"type":"LineString","coordinates":[[-73.76196,-42.48175],[-73.76197,-42.48127]]}},{"type":"Feature","properties":{"nombre":"Serrano","jerarquia":5},"geometry":{"type":"LineString","coordinates":[[-73.76197,-42.48127],[-73.76199,-42.48055]]}},{"type":"Feature","properties":{"nombre":"Serrano","jerarquia":5},"geometry":{"type":"LineString","coordinates":[[-73.76199,-42.48055],[-73.76197,-42.47986],[-73.76209,-42.47963]]}},{"type":"Feature","properties":{"nombre":"Ruta 5 Sur","jerarquia":3},"geometry":{"type":"LineString","coordinates":[[-73.77285,-42.48945],[-73.77291,-42.48921]]}},{"type":"Feature","properties":{"nombre":"Ruta 5 Sur","jerarquia":3},"geometry":{"type":"LineString","coordinates":[[-73.77291,-42.48921],[-73.77303,-42.48868]]}},{"type":"Feature","properties":{"nombre":"Ruta 5 Sur","jerarquia":3},"geometry":{"type":"LineString","coordinates":[[-73.77303,-42.48868],[-73.77305,-42.48863]]}},{"type":"Feature","properties":{"nombre":"Ruta 5 Sur","jerarquia":3},"geometry":{"type":"LineString","coordinates":[[-73.77211,-42.4935],[-73.77184,-42.49415],[-73.77163,-42.4954],[-73.77174,-42.49603],[-73.77203,-42.49655]]}},{"type":"Feature","properties":{"nombre":"Ubaldo Mansilla Barrientos","jerarquia":4},"geometry":{"type":"LineString","coordinates":[[-73.77359,-42.48366],[-73.77369,-42.48364]]}},{"type":"Feature","properties":{"nombre":"Ruta W-557","jerarquia":5},"geometry":{"type":"LineString","coordinates":[[-73.74753,-42.51591],[-73.74817,-42.51624]]}},{"type":"Feature","properties":{"nombre":"Ruta 5 Sur","jerarquia":3},"geometry":{"type":"LineString","coordinates":[[-73.77261,-42.48166],[-73.7733,-42.48307]]}},{"type":"Feature","properties":{"nombre":"Ruta 5 Sur","jerarquia":3},"geometry":{"type":"LineString","coordinates":[[-73.79018,-42.51008],[-73.79022,-42.5104]]}},{"type":"Feature","properties":{"nombre":"Ruta 5 Sur","jerarquia":3},"geometry":{"type":"LineString","coordinates":[[-73.79022,-42.5104],[-73.79076,-42.51183]]}},{"type":"Feature","properties":{"nombre":"Pedro Montt","jerarquia":4},"geometry":{"type":"LineString","coordinates":[[-73.76063,-42.4794],[-73.76067,-42.47908],[-73.76062,-42.47877],[-73.75996,-42.47762],[-73.75993,-42.47742],[-73.75995,-42.47716],[-73.76001,-42.47703],[-73.76011,-42.47694],[-73.76087,-42.47669],[-73.76101,-42.4766],[-73.76115,-42.47643]]}},{"type":"Feature","properties":{"nombre":"Pedro Montt","jerarquia":4},"geometry":{"type":"LineString","coordinates":[[-73.76115,-42.47643],[-73.76227,-42.47362]]}},{"type":"Feature","properties":{"nombre":"Pedro Montt","jerarquia":4},"geometry":{"type":"LineString","coordinates":[[-73.76227,-42.47362],[-73.76257,-42.47323],[-73.76375,-42.47216]]}},{"type":"Feature","properties":{"nombre":"Irarrázaval","jerarquia":4},"geometry":{"type":"LineString","coordinates":[[-73.75976,-42.48207],[-73.75918,-42.48233]]}},{"type":"Feature","properties":{"nombre":"Galvarino Riveros","jerarquia":5},"geometry":{"type":"LineString","coordinates":[[-73.78537,-42.46847],[-73.78552,-42.46828]]}},{"type":"Feature","properties":{"nombre":"","jerarquia":3},"geometry":{"type":"LineString","coordinates":[[-73.76395,-42.47243],[-73.76406,-42.47238],[-73.76415,-42.47245]]}},{"type":"Feature","properties":{"nombre":"Ruta W-651","jerarquia":5},"geometry":{"type":"LineString","coordinates":[[-73.72664,-42.41956],[-73.72644,-42.42007]]}},{"type":"Feature","properties":{"nombre":"Ruta W-460","jerarquia":5},"geometry":{"type":"LineString","coordinates":[[-73.78473,-42.39441],[-73.78467,-42.39446]]}},{"type":"Feature","properties":{"nombre":"Ruta 5 Sur","jerarquia":3},"geometry":{"type":"LineString","coordinates":[[-73.77304,-42.49746],[-73.77355,-42.49787]]}},{"type":"Feature","properties":{"nombre":"Ruta 5 Sur","jerarquia":3},"geometry":{"type":"LineString","coordinates":[[-73.78795,-42.50733],[-73.78837,-42.50756],[-73.78951,-42.50793],[-73.78995,-42.50812]]}},{"type":"Feature","properties":{"nombre":"Pablo Neruda","jerarquia":4},"geometry":{"type":"LineString","coordinates":[[-73.78364,-42.46371],[-73.78346,-42.46325]]}},{"type":"Feature","properties":{"nombre":"Pablo Neruda","jerarquia":4},"geometry":{"type":"LineString","coordinates":[[-73.78346,-42.46325],[-73.78327,-42.46265]]}},{"type":"Feature","properties":{"nombre":"Pablo Neruda","jerarquia":4},"geometry":{"type":"LineString","coordinates":[[-73.78327,-42.46265],[-73.78327,-42.46239]]}},{"type":"Feature","properties":{"nombre":"José Oyarzún Montiel","jerarquia":5},"geometry":{"type":"LineString","coordinates":[[-73.78738,-42.48405],[-73.78845,-42.48403],[-73.78919,-42.48414]]}},{"type":"Feature","properties":{"nombre":"José Oyarzún Montiel","jerarquia":5},"geometry":{"type":"LineString","coordinates":[[-73.78919,-42.48414],[-73.78981,-42.48428]]}},{"type":"Feature","properties":{"nombre":"José Oyarzún Montiel","jerarquia":5},"geometry":{"type":"LineString","coordinates":[[-73.78981,-42.48428],[-73.79182,-42.4842]]}},{"type":"Feature","properties":{"nombre":"Ruta 5 Sur","jerarquia":3},"geometry":{"type":"LineString","coordinates":[[-73.77393,-42.48458],[-73.77403,-42.48501],[-73.77404,-42.48544],[-73.77385,-42.48616]]}},{"type":"Feature","properties":{"nombre":"Ubaldo Mansilla Barrientos","jerarquia":5},"geometry":{"type":"LineString","coordinates":[[-73.77664,-42.48303],[-73.77975,-42.48265]]}},{"type":"Feature","properties":{"nombre":"Ubaldo Mansilla Barrientos","jerarquia":5},"geometry":{"type":"LineString","coordinates":[[-73.77975,-42.48265],[-73.78082,-42.48253]]}},{"type":"Feature","properties":{"nombre":"Ubaldo Mansilla Barrientos","jerarquia":5},"geometry":{"type":"LineString","coordinates":[[-73.78082,-42.48253],[-73.78137,-42.48247]]}},{"type":"Feature","properties":{"nombre":"Ubaldo Mansilla Barrientos","jerarquia":5},"geometry":{"type":"LineString","coordinates":[[-73.78137,-42.48247],[-73.78218,-42.48242]]}},{"type":"Feature","properties":{"nombre":"Ubaldo Mansilla Barrientos","jerarquia":5},"geometry":{"type":"LineString","coordinates":[[-73.78218,-42.48242],[-73.78264,-42.48239]]}},{"type":"Feature","properties":{"nombre":"Blanco Encalada","jerarquia":4},"geometry":{"type":"LineString","coordinates":[[-73.76514,-42.48288],[-73.7636,-42.48288]]}},{"type":"Feature","properties":{"nombre":"Blanco Encalada","jerarquia":4},"geometry":{"type":"LineString","coordinates":[[-73.7636,-42.48288],[-73.76351,-42.48288]]}},{"type":"Feature","properties":{"nombre":"O'Higgins","jerarquia":3},"geometry":{"type":"LineString","coordinates":[[-73.76518,-42.48173],[-73.76514,-42.48284]]}},{"type":"Feature","properties":{"nombre":"O'Higgins","jerarquia":3},"geometry":{"type":"LineString","coordinates":[[-73.76514,-42.48284],[-73.76514,-42.48288]]}},{"type":"Feature","properties":{"nombre":"Eleuterio Ramírez","jerarquia":5},"geometry":{"type":"LineString","coordinates":[[-73.76365,-42.47932],[-73.76417,-42.47932]]}},{"type":"Feature","properties":{"nombre":"Eleuterio Ramírez","jerarquia":5},"geometry":{"type":"LineString","coordinates":[[-73.76417,-42.47932],[-73.76511,-42.47932]]}},{"type":"Feature","properties":{"nombre":"Eleuterio Ramírez","jerarquia":5},"geometry":{"type":"LineString","coordinates":[[-73.76511,-42.47932],[-73.76523,-42.47931]]}},{"type":"Feature","properties":{"nombre":"Eleuterio Ramírez","jerarquia":5},"geometry":{"type":"LineString","coordinates":[[-73.76523,-42.47931],[-73.76663,-42.4793]]}},{"type":"Feature","properties":{"nombre":"Eleuterio Ramírez","jerarquia":5},"geometry":{"type":"LineString","coordinates":[[-73.76663,-42.4793],[-73.76672,-42.4793]]}},{"type":"Feature","properties":{"nombre":"O'Higgins","jerarquia":3},"geometry":{"type":"LineString","coordinates":[[-73.76411,-42.47267],[-73.7641,-42.4728]]}},{"type":"Feature","properties":{"nombre":"O'Higgins","jerarquia":3},"geometry":{"type":"LineString","coordinates":[[-73.7641,-42.4728],[-73.76413,-42.47304],[-73.76425,-42.47328],[-73.76539,-42.47458],[-73.76542,-42.47476],[-73.76537,-42.4755]]}},{"type":"Feature","properties":{"nombre":"O'Higgins","jerarquia":3},"geometry":{"type":"LineString","coordinates":[[-73.76537,-42.4755],[-73.76536,-42.47571]]}},{"type":"Feature","properties":{"nombre":"San Martín","jerarquia":3},"geometry":{"type":"LineString","coordinates":[[-73.76375,-42.47689],[-73.76377,-42.47654]]}},{"type":"Feature","properties":{"nombre":"San Martín","jerarquia":3},"geometry":{"type":"LineString","coordinates":[[-73.76377,-42.47654],[-73.7638,-42.47565]]}},{"type":"Feature","properties":{"nombre":"Los Carrera","jerarquia":4},"geometry":{"type":"LineString","coordinates":[[-73.76672,-42.4793],[-73.7667,-42.47805]]}},{"type":"Feature","properties":{"nombre":"Los Carrera","jerarquia":4},"geometry":{"type":"LineString","coordinates":[[-73.7667,-42.47805],[-73.76672,-42.47708]]}},{"type":"Feature","properties":{"nombre":"Los Carrera","jerarquia":4},"geometry":{"type":"LineString","coordinates":[[-73.76672,-42.47708],[-73.76675,-42.47695]]}},{"type":"Feature","properties":{"nombre":"Sargento Aldea","jerarquia":5},"geometry":{"type":"LineString","coordinates":[[-73.76526,-42.47806],[-73.7638,-42.47807]]}},{"type":"Feature","properties":{"nombre":"Sargento Aldea","jerarquia":5},"geometry":{"type":"LineString","coordinates":[[-73.7638,-42.47807],[-73.7637,-42.47807]]}},{"type":"Feature","properties":{"nombre":"Eleuterio Ramírez","jerarquia":5},"geometry":{"type":"LineString","coordinates":[[-73.76672,-42.4793],[-73.76821,-42.47928]]}},{"type":"Feature","properties":{"nombre":"Eleuterio Ramírez","jerarquia":5},"geometry":{"type":"LineString","coordinates":[[-73.76821,-42.47928],[-73.76833,-42.47928]]}},{"type":"Feature","properties":{"nombre":"San Martín","jerarquia":3},"geometry":{"type":"LineString","coordinates":[[-73.76365,-42.47932],[-73.7637,-42.47807]]}},{"type":"Feature","properties":{"nombre":"San Martín","jerarquia":3},"geometry":{"type":"LineString","coordinates":[[-73.7637,-42.47807],[-73.76372,-42.47772]]}},{"type":"Feature","properties":{"nombre":"San Martín","jerarquia":3},"geometry":{"type":"LineString","coordinates":[[-73.76372,-42.47772],[-73.76375,-42.47689]]}},{"type":"Feature","properties":{"nombre":"Piloto Samuel Ulloa","jerarquia":5},"geometry":{"type":"LineString","coordinates":[[-73.76982,-42.47403],[-73.77028,-42.4751]]}},{"type":"Feature","properties":{"nombre":"Piloto Samuel Ulloa","jerarquia":5},"geometry":{"type":"LineString","coordinates":[[-73.76959,-42.47346],[-73.76976,-42.47389]]}},{"type":"Feature","properties":{"nombre":"Piloto Samuel Ulloa","jerarquia":5},"geometry":{"type":"LineString","coordinates":[[-73.76976,-42.47389],[-73.76982,-42.47403]]}},{"type":"Feature","properties":{"nombre":"Cancha Rayada","jerarquia":5},"geometry":{"type":"LineString","coordinates":[[-73.77379,-42.47006],[-73.77368,-42.47004]]}},{"type":"Feature","properties":{"nombre":"Piloto Samuel Ulloa","jerarquia":5},"geometry":{"type":"LineString","coordinates":[[-73.76941,-42.47302],[-73.76959,-42.47346]]}},{"type":"Feature","properties":{"nombre":"Piloto Samuel Ulloa","jerarquia":5},"geometry":{"type":"LineString","coordinates":[[-73.76907,-42.47221],[-73.76941,-42.47302]]}},{"type":"Feature","properties":{"nombre":"Cancha Rayada","jerarquia":5},"geometry":{"type":"LineString","coordinates":[[-73.77368,-42.47004],[-73.77312,-42.46998]]}},{"type":"Feature","properties":{"nombre":"Cancha Rayada","jerarquia":5},"geometry":{"type":"LineString","coordinates":[[-73.77312,-42.46998],[-73.77254,-42.46993]]}},{"type":"Feature","properties":{"nombre":"Cancha Rayada","jerarquia":5},"geometry":{"type":"LineString","coordinates":[[-73.77254,-42.46993],[-73.77212,-42.4699]]}},{"type":"Feature","properties":{"nombre":"Cancha Rayada","jerarquia":5},"geometry":{"type":"LineString","coordinates":[[-73.77212,-42.4699],[-73.77117,-42.46983]]}},{"type":"Feature","properties":{"nombre":"Cancha Rayada","jerarquia":5},"geometry":{"type":"LineString","coordinates":[[-73.77117,-42.46983],[-73.76997,-42.46971]]}},{"type":"Feature","properties":{"nombre":"Antonio Quintanilla","jerarquia":5},"geometry":{"type":"LineString","coordinates":[[-73.774,-42.46861],[-73.77401,-42.46877]]}},{"type":"Feature","properties":{"nombre":"Antonio Quintanilla","jerarquia":5},"geometry":{"type":"LineString","coordinates":[[-73.77401,-42.46877],[-73.77409,-42.46908]]}},{"type":"Feature","properties":{"nombre":"Antonio Quintanilla","jerarquia":5},"geometry":{"type":"LineString","coordinates":[[-73.77409,-42.46908],[-73.77404,-42.46933]]}},{"type":"Feature","properties":{"nombre":"Antonio Quintanilla","jerarquia":5},"geometry":{"type":"LineString","coordinates":[[-73.77404,-42.46933],[-73.77401,-42.46941]]}},{"type":"Feature","properties":{"nombre":"Antonio Quintanilla","jerarquia":5},"geometry":{"type":"LineString","coordinates":[[-73.77401,-42.46941],[-73.77393,-42.46967]]}},{"type":"Feature","properties":{"nombre":"Antonio Quintanilla","jerarquia":5},"geometry":{"type":"LineString","coordinates":[[-73.77393,-42.46967],[-73.77379,-42.47006]]}},{"type":"Feature","properties":{"nombre":"Ruta 5 Sur","jerarquia":3},"geometry":{"type":"LineString","coordinates":[[-73.78995,-42.50812],[-73.79028,-42.50836],[-73.79046,-42.50871]]}},{"type":"Feature","properties":{"nombre":"Portales","jerarquia":4},"geometry":{"type":"LineString","coordinates":[[-73.7702,-42.48128],[-73.77052,-42.48129]]}},{"type":"Feature","properties":{"nombre":"Portales","jerarquia":4},"geometry":{"type":"LineString","coordinates":[[-73.77052,-42.48129],[-73.77057,-42.4813]]}},{"type":"Feature","properties":{"nombre":"Manuel Ojeda","jerarquia":5},"geometry":{"type":"LineString","coordinates":[[-73.78297,-42.48266],[-73.78307,-42.48335]]}},{"type":"Feature","properties":{"nombre":"","jerarquia":5},"geometry":{"type":"LineString","coordinates":[[-73.78264,-42.48239],[-73.78289,-42.48223]]}},{"type":"Feature","properties":{"nombre":"Ubaldo Mansilla Barrientos","jerarquia":5},"geometry":{"type":"LineString","coordinates":[[-73.78264,-42.48239],[-73.78292,-42.48238]]}},{"type":"Feature","properties":{"nombre":"","jerarquia":5},"geometry":{"type":"LineString","coordinates":[[-73.78295,-42.48257],[-73.78286,-42.48247],[-73.78264,-42.48239]]}},{"type":"Feature","properties":{"nombre":"Manuel Ojeda","jerarquia":5},"geometry":{"type":"LineString","coordinates":[[-73.78295,-42.48257],[-73.78297,-42.48266]]}},{"type":"Feature","properties":{"nombre":"Ignacio Serrano","jerarquia":5},"geometry":{"type":"LineString","coordinates":[[-73.76824,-42.43488],[-73.7682,-42.43496]]}},{"type":"Feature","properties":{"nombre":"Ignacio Serrano","jerarquia":5},"geometry":{"type":"LineString","coordinates":[[-73.7682,-42.43496],[-73.76769,-42.43581]]}},{"type":"Feature","properties":{"nombre":"Ignacio Serrano","jerarquia":5},"geometry":{"type":"LineString","coordinates":[[-73.76769,-42.43581],[-73.7673,-42.43659]]}},{"type":"Feature","properties":{"nombre":"Ignacio Serrano","jerarquia":5},"geometry":{"type":"LineString","coordinates":[[-73.7673,-42.43659],[-73.76676,-42.43684],[-73.76605,-42.43708],[-73.76556,-42.43792]]}},{"type":"Feature","properties":{"nombre":"Ignacio Serrano","jerarquia":5},"geometry":{"type":"LineString","coordinates":[[-73.76556,-42.43792],[-73.76541,-42.43808],[-73.76466,-42.43824]]}},{"type":"Feature","properties":{"nombre":"Arturo Prat","jerarquia":5},"geometry":{"type":"LineString","coordinates":[[-73.76824,-42.43488],[-73.76812,-42.43469]]}},{"type":"Feature","properties":{"nombre":"Arturo Prat","jerarquia":5},"geometry":{"type":"LineString","coordinates":[[-73.76812,-42.43469],[-73.76796,-42.43436]]}},{"type":"Feature","properties":{"nombre":"Arturo Prat","jerarquia":5},"geometry":{"type":"LineString","coordinates":[[-73.76796,-42.43436],[-73.7679,-42.4342]]}},{"type":"Feature","properties":{"nombre":"Arturo Prat","jerarquia":5},"geometry":{"type":"LineString","coordinates":[[-73.7679,-42.4342],[-73.76764,-42.43382],[-73.76649,-42.43263]]}},{"type":"Feature","properties":{"nombre":"Arturo Prat","jerarquia":5},"geometry":{"type":"LineString","coordinates":[[-73.76649,-42.43263],[-73.76641,-42.43256]]}},{"type":"Feature","properties":{"nombre":"Arturo Prat","jerarquia":5},"geometry":{"type":"LineString","coordinates":[[-73.76641,-42.43256],[-73.7662,-42.43241],[-73.76535,-42.43199],[-73.7651,-42.43182],[-73.76497,-42.43165]]}},{"type":"Feature","properties":{"nombre":"Arturo Prat","jerarquia":5},"geometry":{"type":"LineString","coordinates":[[-73.76497,-42.43165],[-73.76354,-42.42945]]}},{"type":"Feature","properties":{"nombre":"Ruta W-542","jerarquia":5},"geometry":{"type":"LineString","coordinates":[[-73.78419,-42.50202],[-73.7843,-42.50197]]}},{"type":"Feature","properties":{"nombre":"Ruta W-542","jerarquia":5},"geometry":{"type":"LineString","coordinates":[[-73.7843,-42.50197],[-73.78477,-42.50181],[-73.78529,-42.50175]]}},{"type":"Feature","properties":{"nombre":"Ubaldo Mansilla Barrientos","jerarquia":5},"geometry":{"type":"LineString","coordinates":[[-73.77369,-42.48364],[-73.77482,-42.48321],[-73.77607,-42.48308]]}},{"type":"Feature","properties":{"nombre":"Magallanes","jerarquia":4},"geometry":{"type":"LineString","coordinates":[[-73.76536,-42.47571],[-73.76401,-42.47566]]}},{"type":"Feature","properties":{"nombre":"Magallanes","jerarquia":4},"geometry":{"type":"LineString","coordinates":[[-73.76401,-42.47566],[-73.7638,-42.47565]]}},{"type":"Feature","properties":{"nombre":"Ubaldo Mansilla Barrientos","jerarquia":5},"geometry":{"type":"LineString","coordinates":[[-73.77607,-42.48308],[-73.77664,-42.48303]]}},{"type":"Feature","properties":{"nombre":"Ruta 5 Sur","jerarquia":3},"geometry":{"type":"LineString","coordinates":[[-73.77347,-42.48341],[-73.77359,-42.48366]]}},{"type":"Feature","properties":{"nombre":"","jerarquia":3},"geometry":{"type":"LineString","coordinates":[[-73.77232,-42.48131],[-73.77216,-42.48128],[-73.77204,-42.48138]]}},{"type":"Feature","properties":{"nombre":"Lope García De Castro","jerarquia":5},"geometry":{"type":"LineString","coordinates":[[-73.77786,-42.46505],[-73.77795,-42.46496]]}},{"type":"Feature","properties":{"nombre":"José Oyarzún Montiel","jerarquia":5},"geometry":{"type":"LineString","coordinates":[[-73.79182,-42.4842],[-73.79211,-42.4842]]}},{"type":"Feature","properties":{"nombre":"José Oyarzún Montiel","jerarquia":5},"geometry":{"type":"LineString","coordinates":[[-73.79211,-42.4842],[-73.79271,-42.484]]}},{"type":"Feature","properties":{"nombre":"José Oyarzún Montiel","jerarquia":5},"geometry":{"type":"LineString","coordinates":[[-73.79393,-42.48395],[-73.79443,-42.48376]]}},{"type":"Feature","properties":{"nombre":"José Oyarzún Montiel","jerarquia":5},"geometry":{"type":"LineString","coordinates":[[-73.79443,-42.48376],[-73.79465,-42.48369]]}},{"type":"Feature","properties":{"nombre":"José Oyarzún Montiel","jerarquia":5},"geometry":{"type":"LineString","coordinates":[[-73.79465,-42.48369],[-73.79565,-42.48339]]}},{"type":"Feature","properties":{"nombre":"José Oyarzún Montiel","jerarquia":5},"geometry":{"type":"LineString","coordinates":[[-73.79293,-42.48394],[-73.79321,-42.48396]]}},{"type":"Feature","properties":{"nombre":"José Oyarzún Montiel","jerarquia":5},"geometry":{"type":"LineString","coordinates":[[-73.79321,-42.48396],[-73.79362,-42.48399]]}},{"type":"Feature","properties":{"nombre":"José Oyarzún Montiel","jerarquia":5},"geometry":{"type":"LineString","coordinates":[[-73.79362,-42.48399],[-73.79393,-42.48395]]}},{"type":"Feature","properties":{"nombre":"José Oyarzún Montiel","jerarquia":5},"geometry":{"type":"LineString","coordinates":[[-73.79271,-42.484],[-73.79276,-42.48398]]}},{"type":"Feature","properties":{"nombre":"José Oyarzún Montiel","jerarquia":5},"geometry":{"type":"LineString","coordinates":[[-73.79276,-42.48398],[-73.79293,-42.48394]]}},{"type":"Feature","properties":{"nombre":"","jerarquia":5},"geometry":{"type":"LineString","coordinates":[[-73.77258,-42.45645],[-73.77269,-42.45597]]}},{"type":"Feature","properties":{"nombre":"Ruta 5 Sur","jerarquia":3},"geometry":{"type":"LineString","coordinates":[[-73.77051,-42.42389],[-73.77013,-42.42493],[-73.76978,-42.42553],[-73.76941,-42.42599],[-73.76835,-42.42706],[-73.76794,-42.42767],[-73.76775,-42.42818],[-73.76768,-42.42854],[-73.76769,-42.42925]]}},{"type":"Feature","properties":{"nombre":"Ruta W-456","jerarquia":5},"geometry":{"type":"LineString","coordinates":[[-73.78159,-42.38592],[-73.78171,-42.38589]]}},{"type":"Feature","properties":{"nombre":"Ruta W-456","jerarquia":5},"geometry":{"type":"LineString","coordinates":[[-73.78171,-42.38589],[-73.78195,-42.38583],[-73.78215,-42.38586]]}},{"type":"Feature","properties":{"nombre":"Cardenal Carlos Oviedo Cavada","jerarquia":5},"geometry":{"type":"LineString","coordinates":[[-73.77483,-42.46832],[-73.77443,-42.46845]]}},{"type":"Feature","properties":{"nombre":"Cardenal Carlos Oviedo Cavada","jerarquia":5},"geometry":{"type":"LineString","coordinates":[[-73.77443,-42.46845],[-73.774,-42.46861]]}},{"type":"Feature","properties":{"nombre":"Galvarino Riveros","jerarquia":5},"geometry":{"type":"LineString","coordinates":[[-73.79054,-42.46506],[-73.7909,-42.46484]]}},{"type":"Feature","properties":{"nombre":"Galvarino Riveros","jerarquia":4},"geometry":{"type":"LineString","coordinates":[[-73.78223,-42.47004],[-73.78257,-42.46997]]}},{"type":"Feature","properties":{"nombre":"Galvarino Riveros","jerarquia":4},"geometry":{"type":"LineString","coordinates":[[-73.78257,-42.46997],[-73.78279,-42.46993]]}},{"type":"Feature","properties":{"nombre":"Galvarino Riveros","jerarquia":4},"geometry":{"type":"LineString","coordinates":[[-73.78279,-42.46993],[-73.78293,-42.46991]]}},{"type":"Feature","properties":{"nombre":"Galvarino Riveros","jerarquia":4},"geometry":{"type":"LineString","coordinates":[[-73.78293,-42.46991],[-73.78369,-42.46971]]}},{"type":"Feature","properties":{"nombre":"Galvarino Riveros","jerarquia":4},"geometry":{"type":"LineString","coordinates":[[-73.78369,-42.46971],[-73.78412,-42.46951]]}},{"type":"Feature","properties":{"nombre":"Galvarino Riveros","jerarquia":4},"geometry":{"type":"LineString","coordinates":[[-73.78412,-42.46951],[-73.7844,-42.46932]]}},{"type":"Feature","properties":{"nombre":"Galvarino Riveros","jerarquia":4},"geometry":{"type":"LineString","coordinates":[[-73.7844,-42.46932],[-73.78506,-42.46881]]}},{"type":"Feature","properties":{"nombre":"Galvarino Riveros","jerarquia":4},"geometry":{"type":"LineString","coordinates":[[-73.78506,-42.46881],[-73.78537,-42.46847]]}},{"type":"Feature","properties":{"nombre":"Pablo Neruda","jerarquia":4},"geometry":{"type":"LineString","coordinates":[[-73.78387,-42.46434],[-73.78364,-42.46371]]}},{"type":"Feature","properties":{"nombre":"Manuel Ballesteros M.","jerarquia":5},"geometry":{"type":"LineString","coordinates":[[-73.77517,-42.46724],[-73.77512,-42.4677]]}},{"type":"Feature","properties":{"nombre":"Manuel Ballesteros M.","jerarquia":5},"geometry":{"type":"LineString","coordinates":[[-73.77512,-42.4677],[-73.77485,-42.46811],[-73.77483,-42.46832]]}},{"type":"Feature","properties":{"nombre":"Los Carrera","jerarquia":4},"geometry":{"type":"LineString","coordinates":[[-73.76675,-42.47695],[-73.76669,-42.47653],[-73.76636,-42.47588]]}},{"type":"Feature","properties":{"nombre":"Recaredo Oberreuter","jerarquia":5},"geometry":{"type":"LineString","coordinates":[[-73.78214,-42.46552],[-73.78261,-42.46504]]}},{"type":"Feature","properties":{"nombre":"Recaredo Oberreuter","jerarquia":5},"geometry":{"type":"LineString","coordinates":[[-73.78261,-42.46504],[-73.78286,-42.46477]]}},{"type":"Feature","properties":{"nombre":"Recaredo Oberreuter","jerarquia":5},"geometry":{"type":"LineString","coordinates":[[-73.78286,-42.46477],[-73.78307,-42.46457],[-73.78321,-42.46451]]}},{"type":"Feature","properties":{"nombre":"Caguach","jerarquia":5},"geometry":{"type":"LineString","coordinates":[[-73.77832,-42.46617],[-73.77809,-42.46605],[-73.77747,-42.46551]]}},{"type":"Feature","properties":{"nombre":"Galvarino Riveros Norte","jerarquia":5},"geometry":{"type":"LineString","coordinates":[[-73.77794,-42.46512],[-73.77747,-42.46551]]}},{"type":"Feature","properties":{"nombre":"Caguach","jerarquia":5},"geometry":{"type":"LineString","coordinates":[[-73.78068,-42.46792],[-73.78,-42.46737],[-73.77969,-42.46703],[-73.77874,-42.46636]]}},{"type":"Feature","properties":{"nombre":"Caguach","jerarquia":5},"geometry":{"type":"LineString","coordinates":[[-73.77874,-42.46636],[-73.77832,-42.46617]]}},{"type":"Feature","properties":{"nombre":"Caguach","jerarquia":5},"geometry":{"type":"LineString","coordinates":[[-73.78153,-42.46897],[-73.7813,-42.46859],[-73.78079,-42.46803]]}},{"type":"Feature","properties":{"nombre":"Caguach","jerarquia":5},"geometry":{"type":"LineString","coordinates":[[-73.78079,-42.46803],[-73.78068,-42.46792]]}},{"type":"Feature","properties":{"nombre":"Ruta W-55","jerarquia":3},"geometry":{"type":"LineString","coordinates":[[-73.7673,-42.43035],[-73.76747,-42.4294],[-73.76758,-42.42835],[-73.76751,-42.4281],[-73.76735,-42.4279],[-73.76691,-42.42768],[-73.7639,-42.42717]]}},{"type":"Feature","properties":{"nombre":"Ruta W-55","jerarquia":3},"geometry":{"type":"LineString","coordinates":[[-73.7639,-42.42717],[-73.76286,-42.427],[-73.76245,-42.42698],[-73.76197,-42.42702],[-73.76099,-42.42719],[-73.76028,-42.42719],[-73.75986,-42.4271],[-73.75947,-42.42695],[-73.75912,-42.42674],[-73.75884,-42.42648]]}},{"type":"Feature","properties":{"nombre":"Ruta W-55","jerarquia":3},"geometry":{"type":"LineString","coordinates":[[-73.75884,-42.42648],[-73.75826,-42.42563],[-73.75799,-42.42537],[-73.75752,-42.42508],[-73.75694,-42.42485]]}},{"type":"Feature","properties":{"nombre":"Ruta W-55","jerarquia":3},"geometry":{"type":"LineString","coordinates":[[-73.75694,-42.42485],[-73.75629,-42.42455]]}},{"type":"Feature","properties":{"nombre":"Ruta W-55","jerarquia":3},"geometry":{"type":"LineString","coordinates":[[-73.75629,-42.42455],[-73.75587,-42.42424],[-73.75465,-42.42284]]}},{"type":"Feature","properties":{"nombre":"Ruta W-55","jerarquia":3},"geometry":{"type":"LineString","coordinates":[[-73.75465,-42.42284],[-73.7542,-42.42234],[-73.75387,-42.42209]]}},{"type":"Feature","properties":{"nombre":"Ruta W-55","jerarquia":3},"geometry":{"type":"LineString","coordinates":[[-73.75387,-42.42209],[-73.75355,-42.42194],[-73.75314,-42.42182],[-73.75278,-42.42177],[-73.75229,-42.42177]]}},{"type":"Feature","properties":{"nombre":"Ruta W-55","jerarquia":3},"geometry":{"type":"LineString","coordinates":[[-73.72664,-42.41956],[-73.72617,-42.41936],[-73.72579,-42.41911],[-73.72041,-42.41458]]}},{"type":"Feature","properties":{"nombre":"Ruta W-55","jerarquia":3},"geometry":{"type":"LineString","coordinates":[[-73.72041,-42.41458],[-73.7197,-42.41396]]}},{"type":"Feature","properties":{"nombre":"Ruta W-55","jerarquia":3},"geometry":{"type":"LineString","coordinates":[[-73.7197,-42.41396],[-73.71892,-42.41336],[-73.7184,-42.4131],[-73.71692,-42.41252],[-73.71654,-42.41229],[-73.71629,-42.41205]]}},{"type":"Feature","properties":{"nombre":"Ruta W-55","jerarquia":3},"geometry":{"type":"LineString","coordinates":[[-73.71629,-42.41205],[-73.71608,-42.41174],[-73.71567,-42.41089]]}},{"type":"Feature","properties":{"nombre":"Ruta W-55","jerarquia":3},"geometry":{"type":"LineString","coordinates":[[-73.71567,-42.41089],[-73.71335,-42.40618]]}},{"type":"Feature","properties":{"nombre":"Ruta W-55","jerarquia":3},"geometry":{"type":"LineString","coordinates":[[-73.71335,-42.40618],[-73.7133,-42.4061]]}},{"type":"Feature","properties":{"nombre":"Ruta W-55","jerarquia":3},"geometry":{"type":"LineString","coordinates":[[-73.7133,-42.4061],[-73.71292,-42.40552]]}},{"type":"Feature","properties":{"nombre":"Julio Miserda Peruzovic","jerarquia":5},"geometry":{"type":"LineString","coordinates":[[-73.78055,-42.46279],[-73.78061,-42.46275]]}},{"type":"Feature","properties":{"nombre":"Julio Miserda Peruzovic","jerarquia":5},"geometry":{"type":"LineString","coordinates":[[-73.78061,-42.46275],[-73.78163,-42.46244]]}},{"type":"Feature","properties":{"nombre":"Julio Miserda Peruzovic","jerarquia":5},"geometry":{"type":"LineString","coordinates":[[-73.78163,-42.46244],[-73.78208,-42.46238]]}},{"type":"Feature","properties":{"nombre":"Ruta W-480","jerarquia":5},"geometry":{"type":"LineString","coordinates":[[-73.80286,-42.40826],[-73.81397,-42.4083],[-73.81596,-42.40744],[-73.81798,-42.40675],[-73.81953,-42.40631],[-73.81985,-42.40614],[-73.8212,-42.405],[-73.82158,-42.40484],[-73.82274,-42.40472],[-73.82415,-42.40468],[-73.82853,-42.40431],[-73.83153,-42.40398]]}},{"type":"Feature","properties":{"nombre":"Ruta W-480","jerarquia":5},"geometry":{"type":"LineString","coordinates":[[-73.83153,-42.40398],[-73.83181,-42.40395]]}},{"type":"Feature","properties":{"nombre":"Ruta W-480","jerarquia":5},"geometry":{"type":"LineString","coordinates":[[-73.83181,-42.40395],[-73.83237,-42.40389],[-73.83317,-42.40406],[-73.83426,-42.4045],[-73.8352,-42.40499],[-73.83594,-42.40521],[-73.83663,-42.40528],[-73.83727,-42.40523],[-73.83777,-42.40506],[-73.83818,-42.40485],[-73.83908,-42.40365],[-73.83962,-42.40322],[-73.84024,-42.40301],[-73.84053,-42.40303],[-73.84086,-42.40313],[-73.84123,-42.40315],[-73.84263,-42.40307],[-73.84305,-42.40268],[-73.84333,-42.40228],[-73.84372,-42.40188],[-73.84431,-42.40147]]}},{"type":"Feature","properties":{"nombre":"Ruta W-480","jerarquia":5},"geometry":{"type":"LineString","coordinates":[[-73.84431,-42.40147],[-73.84474,-42.40133],[-73.84551,-42.40083],[-73.84619,-42.40052],[-73.84656,-42.40027]]}},{"type":"Feature","properties":{"nombre":"Ruta 5 Sur","jerarquia":3},"geometry":{"type":"LineString","coordinates":[[-73.77057,-42.4813],[-73.7711,-42.48106]]}},{"type":"Feature","properties":{"nombre":"Ruta W-433","jerarquia":5},"geometry":{"type":"LineString","coordinates":[[-73.76466,-42.43824],[-73.76426,-42.43834],[-73.76396,-42.43853],[-73.7636,-42.43889],[-73.76334,-42.4397],[-73.76316,-42.43995],[-73.76237,-42.4404],[-73.76194,-42.44056]]}},{"type":"Feature","properties":{"nombre":"Ruta W-433","jerarquia":5},"geometry":{"type":"LineString","coordinates":[[-73.76194,-42.44056],[-73.76104,-42.44061],[-73.75975,-42.44048]]}},{"type":"Feature","properties":{"nombre":"Ruta W-433","jerarquia":5},"geometry":{"type":"LineString","coordinates":[[-73.75975,-42.44048],[-73.75954,-42.44046]]}},{"type":"Feature","properties":{"nombre":"Ruta W-433","jerarquia":5},"geometry":{"type":"LineString","coordinates":[[-73.75954,-42.44046],[-73.75907,-42.44044],[-73.75835,-42.44054],[-73.75775,-42.44073],[-73.75732,-42.44102],[-73.75707,-42.44141],[-73.75693,-42.44183],[-73.75698,-42.44235],[-73.75694,-42.44247],[-73.75678,-42.4427],[-73.75637,-42.44304],[-73.75565,-42.44408],[-73.75552,-42.4442]]}},{"type":"Feature","properties":{"nombre":"Ruta W-433","jerarquia":5},"geometry":{"type":"LineString","coordinates":[[-73.75552,-42.4442],[-73.75541,-42.4443],[-73.75472,-42.44454],[-73.75432,-42.44485],[-73.75376,-42.44504],[-73.75319,-42.44546],[-73.75295,-42.44575]]}},{"type":"Feature","properties":{"nombre":"Ruta W-433","jerarquia":5},"geometry":{"type":"LineString","coordinates":[[-73.75295,-42.44575],[-73.75209,-42.446],[-73.75172,-42.44602],[-73.75149,-42.4462],[-73.75107,-42.44669],[-73.75086,-42.44686]]}},{"type":"Feature","properties":{"nombre":"","jerarquia":5},"geometry":{"type":"LineString","coordinates":[[-73.76284,-42.42871],[-73.76281,-42.42855],[-73.76269,-42.42846],[-73.7619,-42.42809],[-73.7616,-42.42799],[-73.76124,-42.428],[-73.76055,-42.42827],[-73.75955,-42.42808]]}},{"type":"Feature","properties":{"nombre":"Galvarino Riveros","jerarquia":5},"geometry":{"type":"LineString","coordinates":[[-73.79181,-42.46422],[-73.79204,-42.46407]]}},{"type":"Feature","properties":{"nombre":"Galvarino Riveros","jerarquia":5},"geometry":{"type":"LineString","coordinates":[[-73.79204,-42.46407],[-73.79212,-42.46402]]}},{"type":"Feature","properties":{"nombre":"Galvarino Riveros","jerarquia":5},"geometry":{"type":"LineString","coordinates":[[-73.79212,-42.46402],[-73.79257,-42.46368],[-73.79296,-42.46331]]}},{"type":"Feature","properties":{"nombre":"Galvarino Riveros","jerarquia":5},"geometry":{"type":"LineString","coordinates":[[-73.79296,-42.46331],[-73.79351,-42.46278],[-73.79411,-42.46246]]}},{"type":"Feature","properties":{"nombre":"Galvarino Riveros","jerarquia":5},"geometry":{"type":"LineString","coordinates":[[-73.79411,-42.46246],[-73.7948,-42.46215]]}},{"type":"Feature","properties":{"nombre":"Galvarino Riveros","jerarquia":5},"geometry":{"type":"LineString","coordinates":[[-73.7948,-42.46215],[-73.79514,-42.462]]}},{"type":"Feature","properties":{"nombre":"Galvarino Riveros","jerarquia":5},"geometry":{"type":"LineString","coordinates":[[-73.79514,-42.462],[-73.79568,-42.46177]]}},{"type":"Feature","properties":{"nombre":"Galvarino Riveros","jerarquia":5},"geometry":{"type":"LineString","coordinates":[[-73.7909,-42.46484],[-73.79141,-42.46449]]}},{"type":"Feature","properties":{"nombre":"Galvarino Riveros","jerarquia":5},"geometry":{"type":"LineString","coordinates":[[-73.79141,-42.46449],[-73.79181,-42.46422]]}},{"type":"Feature","properties":{"nombre":"Ignacio Carrera Pinto","jerarquia":5},"geometry":{"type":"LineString","coordinates":[[-73.76437,-42.47192],[-73.76429,-42.47192]]}},{"type":"Feature","properties":{"nombre":"Ignacio Carrera Pinto","jerarquia":5},"geometry":{"type":"LineString","coordinates":[[-73.76429,-42.47192],[-73.76421,-42.47191]]}},{"type":"Feature","properties":{"nombre":"Galvarino Riveros","jerarquia":5},"geometry":{"type":"LineString","coordinates":[[-73.79568,-42.46177],[-73.79595,-42.46177],[-73.79647,-42.46187]]}},{"type":"Feature","properties":{"nombre":"Galvarino Riveros","jerarquia":5},"geometry":{"type":"LineString","coordinates":[[-73.79647,-42.46187],[-73.79712,-42.46192],[-73.79853,-42.46193],[-73.79901,-42.46187],[-73.79937,-42.46165],[-73.80071,-42.46036]]}},{"type":"Feature","properties":{"nombre":"Pablo Neruda","jerarquia":4},"geometry":{"type":"LineString","coordinates":[[-73.78531,-42.46825],[-73.78552,-42.46828]]}},{"type":"Feature","properties":{"nombre":"Pablo Neruda","jerarquia":4},"geometry":{"type":"LineString","coordinates":[[-73.78531,-42.46825],[-73.78462,-42.46638]]}},{"type":"Feature","properties":{"nombre":"Pablo Neruda","jerarquia":4},"geometry":{"type":"LineString","coordinates":[[-73.78462,-42.46638],[-73.78387,-42.46434]]}},{"type":"Feature","properties":{"nombre":"Galvarino Riveros","jerarquia":5},"geometry":{"type":"LineString","coordinates":[[-73.78552,-42.46828],[-73.7857,-42.46817],[-73.78634,-42.46795]]}},{"type":"Feature","properties":{"nombre":"Galvarino Riveros","jerarquia":5},"geometry":{"type":"LineString","coordinates":[[-73.78634,-42.46795],[-73.78668,-42.46769],[-73.78734,-42.46685]]}},{"type":"Feature","properties":{"nombre":"Galvarino Riveros","jerarquia":5},"geometry":{"type":"LineString","coordinates":[[-73.78734,-42.46685],[-73.78754,-42.46665],[-73.78822,-42.46616],[-73.78941,-42.46569]]}},{"type":"Feature","properties":{"nombre":"Galvarino Riveros","jerarquia":5},"geometry":{"type":"LineString","coordinates":[[-73.78941,-42.46569],[-73.7897,-42.46558],[-73.79054,-42.46506]]}},{"type":"Feature","properties":{"nombre":"Manuel Ojeda","jerarquia":5},"geometry":{"type":"LineString","coordinates":[[-73.78307,-42.48335],[-73.78327,-42.48354],[-73.78375,-42.48369]]}},{"type":"Feature","properties":{"nombre":"Manuel Ojeda","jerarquia":5},"geometry":{"type":"LineString","coordinates":[[-73.78375,-42.48369],[-73.7843,-42.48384]]}},{"type":"Feature","properties":{"nombre":"Manuel Ojeda","jerarquia":5},"geometry":{"type":"LineString","coordinates":[[-73.7843,-42.48384],[-73.78495,-42.48398]]}},{"type":"Feature","properties":{"nombre":"Manuel Ojeda","jerarquia":5},"geometry":{"type":"LineString","coordinates":[[-73.78495,-42.48398],[-73.78544,-42.48406]]}},{"type":"Feature","properties":{"nombre":"Manuel Ojeda","jerarquia":5},"geometry":{"type":"LineString","coordinates":[[-73.78544,-42.48406],[-73.78604,-42.48413],[-73.78673,-42.4841]]}},{"type":"Feature","properties":{"nombre":"Manuel Ojeda","jerarquia":5},"geometry":{"type":"LineString","coordinates":[[-73.78673,-42.4841],[-73.78738,-42.48405]]}},{"type":"Feature","properties":{"nombre":"Llau Llao","jerarquia":5},"geometry":{"type":"LineString","coordinates":[[-73.76658,-42.4324],[-73.76672,-42.43176],[-73.76702,-42.43091]]}},{"type":"Feature","properties":{"nombre":"Caguach","jerarquia":5},"geometry":{"type":"LineString","coordinates":[[-73.77747,-42.46551],[-73.77739,-42.46545]]}},{"type":"Feature","properties":{"nombre":"Recaredo Oberreuter","jerarquia":5},"geometry":{"type":"LineString","coordinates":[[-73.78321,-42.46451],[-73.78387,-42.46434]]}},{"type":"Feature","properties":{"nombre":"Inés de Bazán","jerarquia":5},"geometry":{"type":"LineString","coordinates":[[-73.77805,-42.46437],[-73.77856,-42.46436]]}},{"type":"Feature","properties":{"nombre":"Inés de Bazán","jerarquia":5},"geometry":{"type":"LineString","coordinates":[[-73.77856,-42.46436],[-73.77899,-42.46407]]}},{"type":"Feature","properties":{"nombre":"Inés de Bazán","jerarquia":5},"geometry":{"type":"LineString","coordinates":[[-73.77899,-42.46407],[-73.77908,-42.46399]]}},{"type":"Feature","properties":{"nombre":"Inés de Bazán","jerarquia":5},"geometry":{"type":"LineString","coordinates":[[-73.77908,-42.46399],[-73.77929,-42.4638]]}},{"type":"Feature","properties":{"nombre":"Inés de Bazán","jerarquia":5},"geometry":{"type":"LineString","coordinates":[[-73.77929,-42.4638],[-73.77954,-42.46354]]}},{"type":"Feature","properties":{"nombre":"Inés de Bazán","jerarquia":5},"geometry":{"type":"LineString","coordinates":[[-73.77954,-42.46354],[-73.77986,-42.46329]]}},{"type":"Feature","properties":{"nombre":"Inés de Bazán","jerarquia":5},"geometry":{"type":"LineString","coordinates":[[-73.77986,-42.46329],[-73.77992,-42.46324]]}},{"type":"Feature","properties":{"nombre":"Inés de Bazán","jerarquia":5},"geometry":{"type":"LineString","coordinates":[[-73.77992,-42.46324],[-73.78022,-42.46303]]}},{"type":"Feature","properties":{"nombre":"Inés de Bazán","jerarquia":5},"geometry":{"type":"LineString","coordinates":[[-73.78022,-42.46303],[-73.78055,-42.46279]]}},{"type":"Feature","properties":{"nombre":"","jerarquia":5},"geometry":{"type":"LineString","coordinates":[[-73.77619,-42.46609],[-73.77617,-42.466]]}},{"type":"Feature","properties":{"nombre":"","jerarquia":5},"geometry":{"type":"LineString","coordinates":[[-73.77617,-42.466],[-73.77665,-42.46587]]}},{"type":"Feature","properties":{"nombre":"","jerarquia":5},"geometry":{"type":"LineString","coordinates":[[-73.77665,-42.46587],[-73.77707,-42.46566]]}},{"type":"Feature","properties":{"nombre":"","jerarquia":5},"geometry":{"type":"LineString","coordinates":[[-73.77707,-42.46566],[-73.77739,-42.46545]]}},{"type":"Feature","properties":{"nombre":"Ruta W-522","jerarquia":4},"geometry":{"type":"LineString","coordinates":[[-73.78417,-42.4587],[-73.78449,-42.45738]]}},{"type":"Feature","properties":{"nombre":"Ruta W-522","jerarquia":4},"geometry":{"type":"LineString","coordinates":[[-73.78449,-42.45738],[-73.78454,-42.45718]]}},{"type":"Feature","properties":{"nombre":"Ruta W-522","jerarquia":4},"geometry":{"type":"LineString","coordinates":[[-73.78454,-42.45718],[-73.78464,-42.45671],[-73.78478,-42.45639],[-73.78491,-42.45619],[-73.78535,-42.45575]]}},{"type":"Feature","properties":{"nombre":"Ruta W-522","jerarquia":4},"geometry":{"type":"LineString","coordinates":[[-73.78535,-42.45575],[-73.78626,-42.45486],[-73.78675,-42.45457],[-73.78724,-42.45436]]}},{"type":"Feature","properties":{"nombre":"Ruta W-522","jerarquia":4},"geometry":{"type":"LineString","coordinates":[[-73.78724,-42.45436],[-73.78771,-42.45413],[-73.78808,-42.45383]]}},{"type":"Feature","properties":{"nombre":"Ruta W-522","jerarquia":4},"geometry":{"type":"LineString","coordinates":[[-73.78808,-42.45383],[-73.78825,-42.45368]]}},{"type":"Feature","properties":{"nombre":"Ruta W-522","jerarquia":4},"geometry":{"type":"LineString","coordinates":[[-73.78825,-42.45368],[-73.78863,-42.45326]]}},{"type":"Feature","properties":{"nombre":"Ruta W-522","jerarquia":4},"geometry":{"type":"LineString","coordinates":[[-73.78863,-42.45326],[-73.78881,-42.45307]]}},{"type":"Feature","properties":{"nombre":"Ruta W-522","jerarquia":4},"geometry":{"type":"LineString","coordinates":[[-73.78881,-42.45307],[-73.78917,-42.4527]]}},{"type":"Feature","properties":{"nombre":"Ruta W-522","jerarquia":4},"geometry":{"type":"LineString","coordinates":[[-73.78917,-42.4527],[-73.78962,-42.45233]]}},{"type":"Feature","properties":{"nombre":"Ruta W-522","jerarquia":4},"geometry":{"type":"LineString","coordinates":[[-73.78962,-42.45233],[-73.79352,-42.45066],[-73.79455,-42.45026],[-73.79481,-42.45014],[-73.79525,-42.44982]]}},{"type":"Feature","properties":{"nombre":"Ruta 5 Sur","jerarquia":3},"geometry":{"type":"LineString","coordinates":[[-73.79046,-42.50871],[-73.79041,-42.50914],[-73.79022,-42.50975],[-73.79018,-42.51008]]}},{"type":"Feature","properties":{"nombre":"By Pass Castro","jerarquia":2},"geometry":{"type":"LineString","coordinates":[[-73.80857,-42.45891],[-73.80827,-42.46026]]}},{"type":"Feature","properties":{"nombre":"By Pass Castro","jerarquia":2},"geometry":{"type":"LineString","coordinates":[[-73.77237,-42.42202],[-73.77266,-42.42222],[-73.77281,-42.42244],[-73.77376,-42.42418],[-73.77443,-42.4256],[-73.77476,-42.42612],[-73.77536,-42.42674],[-73.77645,-42.42762],[-73.7769,-42.42821],[-73.77706,-42.42853],[-73.7772,-42.42904],[-73.77723,-42.42956],[-73.77715,-42.4299]]}},{"type":"Feature","properties":{"nombre":"By Pass Castro","jerarquia":2},"geometry":{"type":"LineString","coordinates":[[-73.77715,-42.4299],[-73.77622,-42.43241]]}},{"type":"Feature","properties":{"nombre":"By Pass Castro","jerarquia":2},"geometry":{"type":"LineString","coordinates":[[-73.77622,-42.43241],[-73.77566,-42.4337],[-73.77541,-42.4346],[-73.77538,-42.43537],[-73.77551,-42.43618],[-73.77565,-42.43656],[-73.77604,-42.43734],[-73.77904,-42.44265],[-73.77943,-42.44311],[-73.77982,-42.44342],[-73.78028,-42.44369],[-73.78102,-42.44399],[-73.78199,-42.44422],[-73.78422,-42.44429]]}},{"type":"Feature","properties":{"nombre":"By Pass Castro","jerarquia":2},"geometry":{"type":"LineString","coordinates":[[-73.80253,-42.50804],[-73.8028,-42.5088],[-73.80434,-42.51142]]}},{"type":"Feature","properties":{"nombre":"By Pass Castro","jerarquia":2},"geometry":{"type":"LineString","coordinates":[[-73.80434,-42.51142],[-73.80519,-42.51289]]}},{"type":"Feature","properties":{"nombre":"By Pass Castro","jerarquia":2},"geometry":{"type":"LineString","coordinates":[[-73.80519,-42.51289],[-73.80549,-42.51334],[-73.80585,-42.51374],[-73.80652,-42.51425]]}},{"type":"Feature","properties":{"nombre":"By Pass Castro","jerarquia":2},"geometry":{"type":"LineString","coordinates":[[-73.80652,-42.51425],[-73.80758,-42.51469],[-73.80987,-42.51526],[-73.81086,-42.51559],[-73.81178,-42.51611],[-73.81252,-42.51674],[-73.81292,-42.51723],[-73.81318,-42.51773],[-73.81395,-42.5203],[-73.81438,-42.52133],[-73.8149,-42.52218],[-73.81669,-42.52477],[-73.81721,-42.52561]]}},{"type":"Feature","properties":{"nombre":"Piloto Samuel Ulloa","jerarquia":5},"geometry":{"type":"LineString","coordinates":[[-73.76975,-42.47078],[-73.76969,-42.47095]]}},{"type":"Feature","properties":{"nombre":"Piloto Samuel Ulloa","jerarquia":5},"geometry":{"type":"LineString","coordinates":[[-73.76969,-42.47095],[-73.76965,-42.47104]]}},{"type":"Feature","properties":{"nombre":"Piloto Samuel Ulloa","jerarquia":5},"geometry":{"type":"LineString","coordinates":[[-73.76965,-42.47104],[-73.7695,-42.47133]]}},{"type":"Feature","properties":{"nombre":"Piloto Samuel Ulloa","jerarquia":5},"geometry":{"type":"LineString","coordinates":[[-73.7695,-42.47133],[-73.76931,-42.47175]]}},{"type":"Feature","properties":{"nombre":"Piloto Samuel Ulloa","jerarquia":5},"geometry":{"type":"LineString","coordinates":[[-73.76931,-42.47175],[-73.76907,-42.47221]]}},{"type":"Feature","properties":{"nombre":"Piloto Samuel Ulloa","jerarquia":5},"geometry":{"type":"LineString","coordinates":[[-73.7699,-42.47023],[-73.7698,-42.47061]]}},{"type":"Feature","properties":{"nombre":"Piloto Samuel Ulloa","jerarquia":5},"geometry":{"type":"LineString","coordinates":[[-73.7698,-42.47061],[-73.76975,-42.47078]]}},{"type":"Feature","properties":{"nombre":"Pablo Neruda","jerarquia":4},"geometry":{"type":"LineString","coordinates":[[-73.78327,-42.46239],[-73.78328,-42.46213],[-73.78344,-42.46165]]}},{"type":"Feature","properties":{"nombre":"Ruta W-522","jerarquia":5},"geometry":{"type":"LineString","coordinates":[[-73.79576,-42.44904],[-73.79589,-42.44853],[-73.79575,-42.44788]]}},{"type":"Feature","properties":{"nombre":"Ruta W-522","jerarquia":5},"geometry":{"type":"LineString","coordinates":[[-73.79575,-42.44788],[-73.79493,-42.44511],[-73.79494,-42.44463]]}},{"type":"Feature","properties":{"nombre":"Ruta W-522","jerarquia":5},"geometry":{"type":"LineString","coordinates":[[-73.79494,-42.44463],[-73.79538,-42.44359],[-73.79566,-42.4427]]}},{"type":"Feature","properties":{"nombre":"Ruta W-522","jerarquia":5},"geometry":{"type":"LineString","coordinates":[[-73.79566,-42.4427],[-73.79614,-42.44109],[-73.79644,-42.43975],[-73.79746,-42.4381],[-73.79794,-42.4376],[-73.80188,-42.43435]]}},{"type":"Feature","properties":{"nombre":"Ruta W-522","jerarquia":5},"geometry":{"type":"LineString","coordinates":[[-73.80188,-42.43435],[-73.80373,-42.43281]]}},{"type":"Feature","properties":{"nombre":"Ruta W-522","jerarquia":5},"geometry":{"type":"LineString","coordinates":[[-73.80373,-42.43281],[-73.8085,-42.42893],[-73.80947,-42.42819],[-73.80972,-42.42806]]}},{"type":"Feature","properties":{"nombre":"Ruta W-522","jerarquia":5},"geometry":{"type":"LineString","coordinates":[[-73.80972,-42.42806],[-73.80991,-42.42799]]}},{"type":"Feature","properties":{"nombre":"Ruta W-522","jerarquia":5},"geometry":{"type":"LineString","coordinates":[[-73.80991,-42.42799],[-73.81299,-42.42695],[-73.81666,-42.42628],[-73.81815,-42.42558]]}},{"type":"Feature","properties":{"nombre":"Ruta W-522","jerarquia":5},"geometry":{"type":"LineString","coordinates":[[-73.81815,-42.42558],[-73.81871,-42.42532]]}},{"type":"Feature","properties":{"nombre":"Ruta W-522","jerarquia":5},"geometry":{"type":"LineString","coordinates":[[-73.81871,-42.42532],[-73.81973,-42.42485]]}},{"type":"Feature","properties":{"nombre":"Ruta W-522","jerarquia":5},"geometry":{"type":"LineString","coordinates":[[-73.81973,-42.42485],[-73.82108,-42.42419],[-73.82151,-42.42392]]}},{"type":"Feature","properties":{"nombre":"Ruta W-522","jerarquia":5},"geometry":{"type":"LineString","coordinates":[[-73.82151,-42.42392],[-73.822,-42.42363],[-73.82223,-42.42355],[-73.82382,-42.42325]]}},{"type":"Feature","properties":{"nombre":"Ruta W-522","jerarquia":5},"geometry":{"type":"LineString","coordinates":[[-73.82382,-42.42325],[-73.82495,-42.42303],[-73.82579,-42.42243]]}},{"type":"Feature","properties":{"nombre":"Ruta W-522","jerarquia":5},"geometry":{"type":"LineString","coordinates":[[-73.82579,-42.42243],[-73.82822,-42.42074],[-73.83252,-42.41729],[-73.83325,-42.41683],[-73.83392,-42.41662],[-73.83527,-42.4167],[-73.83644,-42.41642],[-73.83787,-42.41651],[-73.83802,-42.41639],[-73.83822,-42.41609],[-73.8387,-42.41602],[-73.83889,-42.41611],[-73.83899,-42.41626],[-73.83894,-42.41651],[-73.83896,-42.41679],[-73.83879,-42.41704],[-73.83889,-42.41729],[-73.83921,-42.4175],[-73.83964,-42.41756],[-73.83975,-42.41763],[-73.83991,-42.41795],[-73.84055,-42.41842],[-73.84058,-42.41872],[-73.84073,-42.41905],[-73.84072,-42.4193],[-73.84095,-42.41967],[-73.84092,-42.42006],[-73.84101,-42.4204],[-73.84095,-42.42088],[-73.84099,-42.421],[-73.84117,-42.4213],[-73.84135,-42.42174],[-73.84151,-42.42238],[-73.84173,-42.42287],[-73.84197,-42.42305],[-73.84259,-42.42325],[-73.84296,-42.42332],[-73.84365,-42.42362],[-73.84394,-42.42393],[-73.84444,-42.42409],[-73.845,-42.42413],[-73.84531,-42.4245],[-73.8463,-42.42502]]}},{"type":"Feature","properties":{"nombre":"Gamboa","jerarquia":5},"geometry":{"type":"LineString","coordinates":[[-73.76518,-42.48173],[-73.7667,-42.48173]]}},{"type":"Feature","properties":{"nombre":"Gamboa","jerarquia":5},"geometry":{"type":"LineString","coordinates":[[-73.7667,-42.48173],[-73.76821,-42.48173]]}},{"type":"Feature","properties":{"nombre":"Gamboa","jerarquia":5},"geometry":{"type":"LineString","coordinates":[[-73.76821,-42.48173],[-73.76828,-42.48173]]}},{"type":"Feature","properties":{"nombre":"Latorre","jerarquia":5},"geometry":{"type":"LineString","coordinates":[[-73.76196,-42.48175],[-73.76345,-42.48174]]}},{"type":"Feature","properties":{"nombre":"Latorre","jerarquia":5},"geometry":{"type":"LineString","coordinates":[[-73.76345,-42.48174],[-73.76355,-42.48174]]}},{"type":"Feature","properties":{"nombre":"Serrano","jerarquia":5},"geometry":{"type":"LineString","coordinates":[[-73.76193,-42.48288],[-73.76196,-42.48175]]}},{"type":"Feature","properties":{"nombre":"Ruta 5 Sur","jerarquia":3},"geometry":{"type":"LineString","coordinates":[[-73.77134,-42.45851],[-73.77125,-42.45859]]}},{"type":"Feature","properties":{"nombre":"Ruta 5 Sur","jerarquia":3},"geometry":{"type":"LineString","coordinates":[[-73.76898,-42.46083],[-73.76803,-42.46302]]}},{"type":"Feature","properties":{"nombre":"Ruta 5 Sur","jerarquia":3},"geometry":{"type":"LineString","coordinates":[[-73.76803,-42.46302],[-73.76785,-42.46344]]}},{"type":"Feature","properties":{"nombre":"Ruta 5 Sur","jerarquia":3},"geometry":{"type":"LineString","coordinates":[[-73.77184,-42.45793],[-73.77284,-42.4571]]}},{"type":"Feature","properties":{"nombre":"Galvarino Riveros Norte","jerarquia":5},"geometry":{"type":"LineString","coordinates":[[-73.77747,-42.46551],[-73.77713,-42.46574]]}},{"type":"Feature","properties":{"nombre":"Galvarino Riveros Norte","jerarquia":5},"geometry":{"type":"LineString","coordinates":[[-73.77713,-42.46574],[-73.77678,-42.46594]]}},{"type":"Feature","properties":{"nombre":"Galvarino Riveros Norte","jerarquia":5},"geometry":{"type":"LineString","coordinates":[[-73.77678,-42.46594],[-73.77635,-42.46607]]}},{"type":"Feature","properties":{"nombre":"Galvarino Riveros Norte","jerarquia":5},"geometry":{"type":"LineString","coordinates":[[-73.77635,-42.46607],[-73.77619,-42.46609]]}},{"type":"Feature","properties":{"nombre":"Lope García De Castro","jerarquia":5},"geometry":{"type":"LineString","coordinates":[[-73.77795,-42.46496],[-73.77805,-42.46437]]}},{"type":"Feature","properties":{"nombre":"Galvarino Riveros Norte","jerarquia":5},"geometry":{"type":"LineString","coordinates":[[-73.77794,-42.46512],[-73.77879,-42.46525]]}},{"type":"Feature","properties":{"nombre":"Galvarino Riveros Norte","jerarquia":5},"geometry":{"type":"LineString","coordinates":[[-73.77879,-42.46525],[-73.77961,-42.46536],[-73.78033,-42.46539]]}},{"type":"Feature","properties":{"nombre":"Galvarino Riveros Norte","jerarquia":5},"geometry":{"type":"LineString","coordinates":[[-73.78033,-42.46539],[-73.78085,-42.46545]]}},{"type":"Feature","properties":{"nombre":"Galvarino Riveros Norte","jerarquia":5},"geometry":{"type":"LineString","coordinates":[[-73.78085,-42.46545],[-73.78131,-42.46552]]}},{"type":"Feature","properties":{"nombre":"Galvarino Riveros Norte","jerarquia":5},"geometry":{"type":"LineString","coordinates":[[-73.78131,-42.46552],[-73.78214,-42.46552]]}},{"type":"Feature","properties":{"nombre":"","jerarquia":4},"geometry":{"type":"LineString","coordinates":[[-73.76817,-42.47622],[-73.76829,-42.47625],[-73.76836,-42.47636]]}},{"type":"Feature","properties":{"nombre":"","jerarquia":3},"geometry":{"type":"LineString","coordinates":[[-73.72781,-42.41963],[-73.72644,-42.42007]]}},{"type":"Feature","properties":{"nombre":"Ruta W-485","jerarquia":5},"geometry":{"type":"LineString","coordinates":[[-73.77288,-42.40443],[-73.77261,-42.40438],[-73.77249,-42.40429]]}},{"type":"Feature","properties":{"nombre":"Llau Llao","jerarquia":5},"geometry":{"type":"LineString","coordinates":[[-73.76732,-42.43089],[-73.76717,-42.43084],[-73.76702,-42.43091]]}},{"type":"Feature","properties":{"nombre":"Ruta 5 Sur","jerarquia":3},"geometry":{"type":"LineString","coordinates":[[-73.76932,-42.43261],[-73.76983,-42.43351]]}},{"type":"Feature","properties":{"nombre":"Ruta 5 Sur","jerarquia":3},"geometry":{"type":"LineString","coordinates":[[-73.76983,-42.43351],[-73.76993,-42.4337]]}},{"type":"Feature","properties":{"nombre":"Ruta 5 Sur","jerarquia":3},"geometry":{"type":"LineString","coordinates":[[-73.76787,-42.43002],[-73.76776,-42.42967],[-73.76769,-42.42925]]}},{"type":"Feature","properties":{"nombre":"Ruta W-55","jerarquia":3},"geometry":{"type":"LineString","coordinates":[[-73.7684,-42.43109],[-73.76823,-42.43113]]}},{"type":"Feature","properties":{"nombre":"Ruta W-55","jerarquia":3},"geometry":{"type":"LineString","coordinates":[[-73.76823,-42.43113],[-73.76795,-42.43117],[-73.7677,-42.43115],[-73.76747,-42.43105],[-73.76732,-42.43089]]}},{"type":"Feature","properties":{"nombre":"Ruta 5 Sur","jerarquia":3},"geometry":{"type":"LineString","coordinates":[[-73.76981,-42.43378],[-73.76972,-42.4336]]}},{"type":"Feature","properties":{"nombre":"Condell","jerarquia":5},"geometry":{"type":"LineString","coordinates":[[-73.76981,-42.43378],[-73.76966,-42.43386]]}},{"type":"Feature","properties":{"nombre":"Condell","jerarquia":5},"geometry":{"type":"LineString","coordinates":[[-73.76966,-42.43386],[-73.76857,-42.4345]]}},{"type":"Feature","properties":{"nombre":"Ruta 5 Sur","jerarquia":3},"geometry":{"type":"LineString","coordinates":[[-73.77125,-42.45859],[-73.77067,-42.45911]]}},{"type":"Feature","properties":{"nombre":"Condell","jerarquia":5},"geometry":{"type":"LineString","coordinates":[[-73.76812,-42.43469],[-73.76857,-42.4345]]}},{"type":"Feature","properties":{"nombre":"Ruta W-55","jerarquia":3},"geometry":{"type":"LineString","coordinates":[[-73.76851,-42.43106],[-73.7684,-42.43109]]}},{"type":"Feature","properties":{"nombre":"Ruta 5 Sur","jerarquia":3},"geometry":{"type":"LineString","coordinates":[[-73.77038,-42.43459],[-73.77081,-42.4356]]}},{"type":"Feature","properties":{"nombre":"Ruta 5 Sur","jerarquia":5},"geometry":{"type":"LineString","coordinates":[[-73.76981,-42.43378],[-73.76993,-42.4337]]}},{"type":"Feature","properties":{"nombre":"Ruta 5 Sur","jerarquia":3},"geometry":{"type":"LineString","coordinates":[[-73.79605,-42.51558],[-73.79795,-42.51892],[-73.7981,-42.51928],[-73.79818,-42.51969],[-73.79834,-42.52233]]}},{"type":"Feature","properties":{"nombre":"Ruta 5 Sur","jerarquia":3},"geometry":{"type":"LineString","coordinates":[[-73.79834,-42.52233],[-73.7984,-42.52279],[-73.79849,-42.52311],[-73.79882,-42.52373]]}},{"type":"Feature","properties":{"nombre":"Ruta 5 Sur","jerarquia":3},"geometry":{"type":"LineString","coordinates":[[-73.79076,-42.51183],[-73.79094,-42.51213]]}},{"type":"Feature","properties":{"nombre":"","jerarquia":5},"geometry":{"type":"LineString","coordinates":[[-73.75919,-42.42794],[-73.7589,-42.42777],[-73.75876,-42.4275],[-73.75871,-42.42672],[-73.7588,-42.42651]]}},{"type":"Feature","properties":{"nombre":"","jerarquia":5},"geometry":{"type":"LineString","coordinates":[[-73.7588,-42.42651],[-73.75884,-42.42648]]}},{"type":"Feature","properties":{"nombre":"Ruta W-485","jerarquia":5},"geometry":{"type":"LineString","coordinates":[[-73.78024,-42.40421],[-73.78038,-42.40388],[-73.78074,-42.40246],[-73.7809,-42.40231],[-73.78171,-42.40196]]}},{"type":"Feature","properties":{"nombre":"Ruta W-485","jerarquia":5},"geometry":{"type":"LineString","coordinates":[[-73.78171,-42.40196],[-73.78186,-42.40195]]}},{"type":"Feature","properties":{"nombre":"Ruta W-557","jerarquia":5},"geometry":{"type":"LineString","coordinates":[[-73.71289,-42.49442],[-73.71339,-42.49453],[-73.71429,-42.49485]]}},{"type":"Feature","properties":{"nombre":"Ruta W-557","jerarquia":5},"geometry":{"type":"LineString","coordinates":[[-73.71429,-42.49485],[-73.71711,-42.49602],[-73.71909,-42.49702]]}},{"type":"Feature","properties":{"nombre":"Ruta W-557","jerarquia":5},"geometry":{"type":"LineString","coordinates":[[-73.71909,-42.49702],[-73.71926,-42.49721],[-73.71932,-42.4975],[-73.71907,-42.49966]]}},{"type":"Feature","properties":{"nombre":"Ruta W-557","jerarquia":5},"geometry":{"type":"LineString","coordinates":[[-73.71907,-42.49966],[-73.71885,-42.50214]]}},{"type":"Feature","properties":{"nombre":"Ruta W-557","jerarquia":5},"geometry":{"type":"LineString","coordinates":[[-73.71885,-42.50214],[-73.71882,-42.50257]]}},{"type":"Feature","properties":{"nombre":"Ruta W-557","jerarquia":5},"geometry":{"type":"LineString","coordinates":[[-73.71882,-42.50257],[-73.71939,-42.50458]]}},{"type":"Feature","properties":{"nombre":"Ruta W-557","jerarquia":5},"geometry":{"type":"LineString","coordinates":[[-73.71939,-42.50458],[-73.72049,-42.50551],[-73.72117,-42.50601],[-73.72255,-42.50671],[-73.72272,-42.50689],[-73.72279,-42.50704]]}},{"type":"Feature","properties":{"nombre":"Ruta W-557","jerarquia":5},"geometry":{"type":"LineString","coordinates":[[-73.72279,-42.50704],[-73.72317,-42.50887]]}},{"type":"Feature","properties":{"nombre":"Ruta W-557","jerarquia":5},"geometry":{"type":"LineString","coordinates":[[-73.74817,-42.51624],[-73.74829,-42.51639],[-73.7483,-42.51652],[-73.74805,-42.51698],[-73.74803,-42.51713],[-73.74857,-42.51849]]}},{"type":"Feature","properties":{"nombre":"Ruta W-557","jerarquia":5},"geometry":{"type":"LineString","coordinates":[[-73.74857,-42.51849],[-73.74883,-42.51915],[-73.74881,-42.51932],[-73.7487,-42.51949],[-73.74844,-42.51968],[-73.7474,-42.52016],[-73.74637,-42.52054]]}},{"type":"Feature","properties":{"nombre":"Arturo Prat","jerarquia":5},"geometry":{"type":"LineString","coordinates":[[-73.77177,-42.44256],[-73.77151,-42.44206],[-73.77102,-42.44153]]}},{"type":"Feature","properties":{"nombre":"Arturo Prat","jerarquia":5},"geometry":{"type":"LineString","coordinates":[[-73.77102,-42.44153],[-73.77028,-42.44083],[-73.77005,-42.4405],[-73.77001,-42.44027],[-73.77012,-42.43997]]}},{"type":"Feature","properties":{"nombre":"Arturo Prat","jerarquia":5},"geometry":{"type":"LineString","coordinates":[[-73.77012,-42.43997],[-73.77034,-42.43952],[-73.77035,-42.43937],[-73.7703,-42.4392],[-73.7699,-42.43853]]}},{"type":"Feature","properties":{"nombre":"Arturo Prat","jerarquia":5},"geometry":{"type":"LineString","coordinates":[[-73.7699,-42.43853],[-73.76983,-42.43833]]}},{"type":"Feature","properties":{"nombre":"Arturo Prat","jerarquia":5},"geometry":{"type":"LineString","coordinates":[[-73.76983,-42.43833],[-73.76979,-42.43816]]}},{"type":"Feature","properties":{"nombre":"Arturo Prat","jerarquia":5},"geometry":{"type":"LineString","coordinates":[[-73.76979,-42.43816],[-73.76976,-42.43797],[-73.76983,-42.43716],[-73.76978,-42.4369],[-73.76968,-42.43673],[-73.76894,-42.43588]]}},{"type":"Feature","properties":{"nombre":"Arturo Prat","jerarquia":5},"geometry":{"type":"LineString","coordinates":[[-73.76894,-42.43588],[-73.76824,-42.43488]]}},{"type":"Feature","properties":{"nombre":"Ruta 5 Sur","jerarquia":3},"geometry":{"type":"LineString","coordinates":[[-73.77467,-42.45348],[-73.77469,-42.45373]]}},{"type":"Feature","properties":{"nombre":"Ruta 5 Sur","jerarquia":3},"geometry":{"type":"LineString","coordinates":[[-73.77469,-42.45373],[-73.77462,-42.45453],[-73.77439,-42.45526]]}},{"type":"Feature","properties":{"nombre":"Camino Vecinal Arturo Barrientos Gómez","jerarquia":5},"geometry":{"type":"LineString","coordinates":[[-73.77395,-42.44871],[-73.77401,-42.44864]]}},{"type":"Feature","properties":{"nombre":"Camino Vecinal Arturo Barrientos Gómez","jerarquia":5},"geometry":{"type":"LineString","coordinates":[[-73.77401,-42.44864],[-73.77412,-42.44852]]}},{"type":"Feature","properties":{"nombre":"Camino Vecinal Arturo Barrientos Gómez","jerarquia":5},"geometry":{"type":"LineString","coordinates":[[-73.77412,-42.44852],[-73.77501,-42.44757],[-73.77513,-42.44729],[-73.77514,-42.44707]]}},{"type":"Feature","properties":{"nombre":"Camino Vecinal Arturo Barrientos Gómez","jerarquia":5},"geometry":{"type":"LineString","coordinates":[[-73.77514,-42.44707],[-73.77492,-42.44626],[-73.77455,-42.44536],[-73.7736,-42.44376],[-73.77326,-42.44341]]}},{"type":"Feature","properties":{"nombre":"Camino Vecinal Arturo Barrientos Gómez","jerarquia":5},"geometry":{"type":"LineString","coordinates":[[-73.77326,-42.44341],[-73.77313,-42.44336]]}},{"type":"Feature","properties":{"nombre":"","jerarquia":2},"geometry":{"type":"LineString","coordinates":[[-73.77237,-42.42202],[-73.77192,-42.42187],[-73.77166,-42.42186],[-73.77139,-42.42194],[-73.77113,-42.42214]]}},{"type":"Feature","properties":{"nombre":"","jerarquia":2},"geometry":{"type":"LineString","coordinates":[[-73.77233,-42.42067],[-73.7721,-42.42112],[-73.77203,-42.42145],[-73.7721,-42.42172],[-73.77237,-42.42202]]}},{"type":"Feature","properties":{"nombre":"Alto Muro","jerarquia":5},"geometry":{"type":"LineString","coordinates":[[-73.77232,-42.40325],[-73.77216,-42.40137],[-73.77198,-42.40115],[-73.77117,-42.40061],[-73.76919,-42.39992],[-73.76887,-42.39976],[-73.7682,-42.39943],[-73.76772,-42.39895],[-73.76758,-42.39886],[-73.76402,-42.39836],[-73.76304,-42.3983]]}},{"type":"Feature","properties":{"nombre":"Alto Muro","jerarquia":5},"geometry":{"type":"LineString","coordinates":[[-73.76304,-42.3983],[-73.76182,-42.39826]]}},{"type":"Feature","properties":{"nombre":"Alto Muro","jerarquia":5},"geometry":{"type":"LineString","coordinates":[[-73.76182,-42.39826],[-73.75939,-42.39814]]}},{"type":"Feature","properties":{"nombre":"Alto Muro","jerarquia":5},"geometry":{"type":"LineString","coordinates":[[-73.75939,-42.39814],[-73.7586,-42.39801],[-73.75606,-42.39713],[-73.75582,-42.39713],[-73.75569,-42.39719],[-73.75509,-42.39767],[-73.7547,-42.39785],[-73.75365,-42.39848],[-73.75302,-42.39898],[-73.75262,-42.39955],[-73.7519,-42.40089],[-73.75173,-42.40133],[-73.75156,-42.40205]]}},{"type":"Feature","properties":{"nombre":"Alto Muro","jerarquia":5},"geometry":{"type":"LineString","coordinates":[[-73.75156,-42.40205],[-73.75152,-42.40225]]}},{"type":"Feature","properties":{"nombre":"","jerarquia":5},"geometry":{"type":"LineString","coordinates":[[-73.76354,-42.42945],[-73.76289,-42.42912],[-73.76282,-42.42901],[-73.76284,-42.42871]]}},{"type":"Feature","properties":{"nombre":"Llau Llao","jerarquia":5},"geometry":{"type":"LineString","coordinates":[[-73.76656,-42.43249],[-73.76658,-42.4324]]}},{"type":"Feature","properties":{"nombre":"Llau Llao","jerarquia":5},"geometry":{"type":"LineString","coordinates":[[-73.76702,-42.43091],[-73.7671,-42.43078]]}},{"type":"Feature","properties":{"nombre":"Llau Llao","jerarquia":5},"geometry":{"type":"LineString","coordinates":[[-73.7671,-42.43078],[-73.76718,-42.43064],[-73.76726,-42.43061]]}},{"type":"Feature","properties":{"nombre":"Ruta 5 Sur","jerarquia":3},"geometry":{"type":"LineString","coordinates":[[-73.77081,-42.4356],[-73.77159,-42.43711]]}},{"type":"Feature","properties":{"nombre":"Ruta 5 Sur","jerarquia":3},"geometry":{"type":"LineString","coordinates":[[-73.77159,-42.43711],[-73.77212,-42.43819]]}},{"type":"Feature","properties":{"nombre":"Pedro Montt","jerarquia":5},"geometry":{"type":"LineString","coordinates":[[-73.76729,-42.46474],[-73.76733,-42.46478]]}},{"type":"Feature","properties":{"nombre":"Pedro Montt","jerarquia":5},"geometry":{"type":"LineString","coordinates":[[-73.76733,-42.46478],[-73.76752,-42.46513],[-73.76752,-42.46543]]}},{"type":"Feature","properties":{"nombre":"Pedro Montt","jerarquia":5},"geometry":{"type":"LineString","coordinates":[[-73.76752,-42.46543],[-73.7668,-42.46719]]}},{"type":"Feature","properties":{"nombre":"Pedro Montt","jerarquia":5},"geometry":{"type":"LineString","coordinates":[[-73.7668,-42.46719],[-73.76606,-42.46904],[-73.76608,-42.46941],[-73.76631,-42.46997],[-73.76629,-42.4702],[-73.76618,-42.47045],[-73.76545,-42.47151],[-73.76521,-42.47161],[-73.76444,-42.47176],[-73.76438,-42.47185]]}},{"type":"Feature","properties":{"nombre":"Pedro Montt","jerarquia":5},"geometry":{"type":"LineString","coordinates":[[-73.76438,-42.47185],[-73.76437,-42.47192]]}},{"type":"Feature","properties":{"nombre":"Ruta 5 Sur","jerarquia":3},"geometry":{"type":"LineString","coordinates":[[-73.77348,-42.48739],[-73.77334,-42.48791]]}},{"type":"Feature","properties":{"nombre":"Ruta 5 Sur","jerarquia":3},"geometry":{"type":"LineString","coordinates":[[-73.77316,-42.48813],[-73.7733,-42.4877]]}},{"type":"Feature","properties":{"nombre":"Ruta 5 Sur","jerarquia":3},"geometry":{"type":"LineString","coordinates":[[-73.7733,-42.4877],[-73.77347,-42.48728]]}},{"type":"Feature","properties":{"nombre":"","jerarquia":3},"geometry":{"type":"LineString","coordinates":[[-73.77316,-42.48858],[-73.77311,-42.48861]]}},{"type":"Feature","properties":{"nombre":"","jerarquia":3},"geometry":{"type":"LineString","coordinates":[[-73.77311,-42.48861],[-73.77305,-42.48863]]}},{"type":"Feature","properties":{"nombre":"Ruta 5 Sur","jerarquia":3},"geometry":{"type":"LineString","coordinates":[[-73.77385,-42.48616],[-73.77357,-42.48696]]}},{"type":"Feature","properties":{"nombre":"Ruta 5 Sur","jerarquia":3},"geometry":{"type":"LineString","coordinates":[[-73.77357,-42.48696],[-73.77347,-42.48728]]}},{"type":"Feature","properties":{"nombre":"Ruta 5 Sur","jerarquia":3},"geometry":{"type":"LineString","coordinates":[[-73.77278,-42.49],[-73.77285,-42.4895]]}},{"type":"Feature","properties":{"nombre":"Ruta 5 Sur","jerarquia":3},"geometry":{"type":"LineString","coordinates":[[-73.77285,-42.4895],[-73.77285,-42.48945]]}},{"type":"Feature","properties":{"nombre":"Ruta 5 Sur","jerarquia":3},"geometry":{"type":"LineString","coordinates":[[-73.77314,-42.48867],[-73.77297,-42.48937]]}},{"type":"Feature","properties":{"nombre":"Ruta 5 Sur","jerarquia":3},"geometry":{"type":"LineString","coordinates":[[-73.77297,-42.48937],[-73.77296,-42.48943]]}},{"type":"Feature","properties":{"nombre":"Pedro Montt","jerarquia":4},"geometry":{"type":"LineString","coordinates":[[-73.75937,-42.48184],[-73.76023,-42.48012]]}},{"type":"Feature","properties":{"nombre":"Pedro Montt","jerarquia":4},"geometry":{"type":"LineString","coordinates":[[-73.76023,-42.48012],[-73.76063,-42.4794]]}},{"type":"Feature","properties":{"nombre":"Esmeralda","jerarquia":3},"geometry":{"type":"LineString","coordinates":[[-73.76346,-42.48457],[-73.76345,-42.48473]]}},{"type":"Feature","properties":{"nombre":"Esmeralda","jerarquia":3},"geometry":{"type":"LineString","coordinates":[[-73.76345,-42.48473],[-73.76355,-42.48495],[-73.76379,-42.48508],[-73.76435,-42.48506],[-73.76479,-42.48496]]}},{"type":"Feature","properties":{"nombre":"","jerarquia":3},"geometry":{"type":"LineString","coordinates":[[-73.77143,-42.4216],[-73.77237,-42.42202]]}},{"type":"Feature","properties":{"nombre":"Ruta W-485","jerarquia":5},"geometry":{"type":"LineString","coordinates":[[-73.77288,-42.40443],[-73.77268,-42.40453],[-73.7726,-42.40466]]}},{"type":"Feature","properties":{"nombre":"Ruta W-485","jerarquia":5},"geometry":{"type":"LineString","coordinates":[[-73.78015,-42.40515],[-73.77957,-42.40519],[-73.77799,-42.40498]]}},{"type":"Feature","properties":{"nombre":"Ruta W-485","jerarquia":5},"geometry":{"type":"LineString","coordinates":[[-73.77799,-42.40498],[-73.77543,-42.40455]]}},{"type":"Feature","properties":{"nombre":"Ruta W-485","jerarquia":5},"geometry":{"type":"LineString","coordinates":[[-73.77543,-42.40455],[-73.77481,-42.40451]]}},{"type":"Feature","properties":{"nombre":"Ruta W-485","jerarquia":5},"geometry":{"type":"LineString","coordinates":[[-73.77481,-42.40451],[-73.77288,-42.40443]]}},{"type":"Feature","properties":{"nombre":"Camino A Nercón","jerarquia":5},"geometry":{"type":"LineString","coordinates":[[-73.80035,-42.4925],[-73.80011,-42.4927],[-73.79973,-42.49291]]}},{"type":"Feature","properties":{"nombre":"Camino A Nercón","jerarquia":5},"geometry":{"type":"LineString","coordinates":[[-73.79973,-42.49291],[-73.79917,-42.4932],[-73.79862,-42.49333],[-73.79846,-42.49342],[-73.79826,-42.49392],[-73.79806,-42.49418],[-73.79712,-42.49459]]}},{"type":"Feature","properties":{"nombre":"Ruta W-55","jerarquia":3},"geometry":{"type":"LineString","coordinates":[[-73.72781,-42.41963],[-73.72719,-42.41965],[-73.72664,-42.41956]]}},{"type":"Feature","properties":{"nombre":"Ruta W-55","jerarquia":3},"geometry":{"type":"LineString","coordinates":[[-73.75229,-42.42177],[-73.75203,-42.42181]]}},{"type":"Feature","properties":{"nombre":"Ruta W-55","jerarquia":3},"geometry":{"type":"LineString","coordinates":[[-73.75203,-42.42181],[-73.75152,-42.42195],[-73.74947,-42.4227],[-73.74881,-42.42286],[-73.74801,-42.42284],[-73.74716,-42.42258]]}},{"type":"Feature","properties":{"nombre":"Ruta W-55","jerarquia":3},"geometry":{"type":"LineString","coordinates":[[-73.74716,-42.42258],[-73.74544,-42.42194]]}},{"type":"Feature","properties":{"nombre":"Ruta W-55","jerarquia":3},"geometry":{"type":"LineString","coordinates":[[-73.74544,-42.42194],[-73.74438,-42.42147]]}},{"type":"Feature","properties":{"nombre":"Ruta W-55","jerarquia":3},"geometry":{"type":"LineString","coordinates":[[-73.74438,-42.42147],[-73.74346,-42.42115],[-73.74094,-42.4207]]}},{"type":"Feature","properties":{"nombre":"Ruta W-55","jerarquia":3},"geometry":{"type":"LineString","coordinates":[[-73.74094,-42.4207],[-73.73957,-42.42043],[-73.73917,-42.42026],[-73.73812,-42.41962],[-73.73769,-42.41943],[-73.73705,-42.41925]]}},{"type":"Feature","properties":{"nombre":"Ruta W-55","jerarquia":3},"geometry":{"type":"LineString","coordinates":[[-73.73705,-42.41925],[-73.73459,-42.41863]]}},{"type":"Feature","properties":{"nombre":"Ruta W-55","jerarquia":3},"geometry":{"type":"LineString","coordinates":[[-73.73459,-42.41863],[-73.73366,-42.41841],[-73.73275,-42.41833]]}},{"type":"Feature","properties":{"nombre":"Ruta W-55","jerarquia":3},"geometry":{"type":"LineString","coordinates":[[-73.73275,-42.41833],[-73.73171,-42.41843]]}},{"type":"Feature","properties":{"nombre":"Ruta W-55","jerarquia":3},"geometry":{"type":"LineString","coordinates":[[-73.73171,-42.41843],[-73.73033,-42.41886]]}},{"type":"Feature","properties":{"nombre":"Ruta W-55","jerarquia":3},"geometry":{"type":"LineString","coordinates":[[-73.73033,-42.41886],[-73.72917,-42.41923]]}},{"type":"Feature","properties":{"nombre":"Ruta W-55","jerarquia":3},"geometry":{"type":"LineString","coordinates":[[-73.72917,-42.41923],[-73.72826,-42.41952]]}},{"type":"Feature","properties":{"nombre":"Ruta W-55","jerarquia":3},"geometry":{"type":"LineString","coordinates":[[-73.72826,-42.41952],[-73.72784,-42.41962]]}},{"type":"Feature","properties":{"nombre":"Ruta W-55","jerarquia":3},"geometry":{"type":"LineString","coordinates":[[-73.72784,-42.41962],[-73.72781,-42.41963]]}},{"type":"Feature","properties":{"nombre":"Ruta 5 Sur","jerarquia":3},"geometry":{"type":"LineString","coordinates":[[-73.76951,-42.43323],[-73.76919,-42.43262]]}},{"type":"Feature","properties":{"nombre":"Ruta 5 Sur","jerarquia":3},"geometry":{"type":"LineString","coordinates":[[-73.76972,-42.4336],[-73.76951,-42.43323]]}},{"type":"Feature","properties":{"nombre":"Ruta 5 Sur","jerarquia":3},"geometry":{"type":"LineString","coordinates":[[-73.7702,-42.43423],[-73.77038,-42.43459]]}},{"type":"Feature","properties":{"nombre":"Ruta 5 Sur","jerarquia":3},"geometry":{"type":"LineString","coordinates":[[-73.77009,-42.43401],[-73.7702,-42.43423]]}},{"type":"Feature","properties":{"nombre":"Ruta 5 Sur","jerarquia":3},"geometry":{"type":"LineString","coordinates":[[-73.77081,-42.4356],[-73.77027,-42.43467]]}},{"type":"Feature","properties":{"nombre":"Ruta 5 Sur","jerarquia":3},"geometry":{"type":"LineString","coordinates":[[-73.76993,-42.4337],[-73.77009,-42.43401]]}},{"type":"Feature","properties":{"nombre":"Ruta 5 Sur","jerarquia":3},"geometry":{"type":"LineString","coordinates":[[-73.76919,-42.43262],[-73.76879,-42.43187]]}},{"type":"Feature","properties":{"nombre":"Ruta 5 Sur","jerarquia":3},"geometry":{"type":"LineString","coordinates":[[-73.76887,-42.43176],[-73.76932,-42.43261]]}},{"type":"Feature","properties":{"nombre":"Ruta 5 Sur","jerarquia":3},"geometry":{"type":"LineString","coordinates":[[-73.76879,-42.43187],[-73.76848,-42.43125]]}},{"type":"Feature","properties":{"nombre":"Ruta 5 Sur","jerarquia":3},"geometry":{"type":"LineString","coordinates":[[-73.76848,-42.43125],[-73.7684,-42.43109]]}},{"type":"Feature","properties":{"nombre":"Ruta 5 Sur","jerarquia":3},"geometry":{"type":"LineString","coordinates":[[-73.76851,-42.43106],[-73.76887,-42.43176]]}},{"type":"Feature","properties":{"nombre":"Ruta 5 Sur","jerarquia":3},"geometry":{"type":"LineString","coordinates":[[-73.76769,-42.42925],[-73.768,-42.43002]]}},{"type":"Feature","properties":{"nombre":"Ruta 5 Sur","jerarquia":3},"geometry":{"type":"LineString","coordinates":[[-73.76804,-42.43036],[-73.76787,-42.43002]]}},{"type":"Feature","properties":{"nombre":"Ruta 5 Sur","jerarquia":3},"geometry":{"type":"LineString","coordinates":[[-73.76817,-42.43063],[-73.76804,-42.43036]]}},{"type":"Feature","properties":{"nombre":"Ruta 5 Sur","jerarquia":3},"geometry":{"type":"LineString","coordinates":[[-73.7684,-42.43109],[-73.76817,-42.43063]]}},{"type":"Feature","properties":{"nombre":"Ruta 5 Sur","jerarquia":3},"geometry":{"type":"LineString","coordinates":[[-73.768,-42.43002],[-73.76843,-42.4309]]}},{"type":"Feature","properties":{"nombre":"Ruta 5 Sur","jerarquia":3},"geometry":{"type":"LineString","coordinates":[[-73.76843,-42.4309],[-73.76851,-42.43106]]}},{"type":"Feature","properties":{"nombre":"Ruta W-55","jerarquia":3},"geometry":{"type":"LineString","coordinates":[[-73.76732,-42.43089],[-73.76726,-42.43061]]}},{"type":"Feature","properties":{"nombre":"Ruta W-55","jerarquia":3},"geometry":{"type":"LineString","coordinates":[[-73.76726,-42.43061],[-73.7673,-42.43035]]}},{"type":"Feature","properties":{"nombre":"Condell","jerarquia":5},"geometry":{"type":"LineString","coordinates":[[-73.76857,-42.4345],[-73.76829,-42.43482]]}},{"type":"Feature","properties":{"nombre":"Condell","jerarquia":5},"geometry":{"type":"LineString","coordinates":[[-73.76829,-42.43482],[-73.76824,-42.43488]]}},{"type":"Feature","properties":{"nombre":"Ruta 5 Sur","jerarquia":3},"geometry":{"type":"LineString","coordinates":[[-73.77308,-42.44304],[-73.77309,-42.44313]]}},{"type":"Feature","properties":{"nombre":"Ruta 5 Sur","jerarquia":3},"geometry":{"type":"LineString","coordinates":[[-73.77304,-42.44273],[-73.77305,-42.44285]]}},{"type":"Feature","properties":{"nombre":"Ruta 5 Sur","jerarquia":3},"geometry":{"type":"LineString","coordinates":[[-73.77212,-42.43819],[-73.77251,-42.43916],[-73.77279,-42.44096]]}},{"type":"Feature","properties":{"nombre":"Ruta 5 Sur","jerarquia":2},"geometry":{"type":"LineString","coordinates":[[-73.78088,-42.385],[-73.78126,-42.38541],[-73.78159,-42.38592]]}},{"type":"Feature","properties":{"nombre":"Ruta W-456","jerarquia":5},"geometry":{"type":"LineString","coordinates":[[-73.78088,-42.385],[-73.78215,-42.38586]]}},{"type":"Feature","properties":{"nombre":"Ruta 5 Sur","jerarquia":2},"geometry":{"type":"LineString","coordinates":[[-73.77963,-42.38402],[-73.78088,-42.385]]}},{"type":"Feature","properties":{"nombre":"","jerarquia":5},"geometry":{"type":"LineString","coordinates":[[-73.7843,-42.39431],[-73.78461,-42.39442]]}},{"type":"Feature","properties":{"nombre":"","jerarquia":5},"geometry":{"type":"LineString","coordinates":[[-73.78461,-42.39442],[-73.78473,-42.39441]]}},{"type":"Feature","properties":{"nombre":"Ruta W-456","jerarquia":5},"geometry":{"type":"LineString","coordinates":[[-73.78433,-42.38755],[-73.78215,-42.38586]]}},{"type":"Feature","properties":{"nombre":"Ruta 5 Sur","jerarquia":2},"geometry":{"type":"LineString","coordinates":[[-73.78159,-42.38592],[-73.78185,-42.38653],[-73.78268,-42.38911]]}},{"type":"Feature","properties":{"nombre":"Ruta W-485","jerarquia":5},"geometry":{"type":"LineString","coordinates":[[-73.78024,-42.40421],[-73.78006,-42.40469],[-73.78015,-42.40515]]}},{"type":"Feature","properties":{"nombre":"Ruta 5 Sur","jerarquia":2},"geometry":{"type":"LineString","coordinates":[[-73.78189,-42.40208],[-73.78186,-42.40195]]}},{"type":"Feature","properties":{"nombre":"Ruta 5 Sur","jerarquia":2},"geometry":{"type":"LineString","coordinates":[[-73.78196,-42.40184],[-73.78199,-42.40199]]}},{"type":"Feature","properties":{"nombre":"","jerarquia":5},"geometry":{"type":"LineString","coordinates":[[-73.78189,-42.40208],[-73.78192,-42.40203]]}},{"type":"Feature","properties":{"nombre":"","jerarquia":5},"geometry":{"type":"LineString","coordinates":[[-73.78192,-42.40203],[-73.78199,-42.40199]]}},{"type":"Feature","properties":{"nombre":"","jerarquia":5},"geometry":{"type":"LineString","coordinates":[[-73.78186,-42.40195],[-73.78199,-42.40199]]}},{"type":"Feature","properties":{"nombre":"","jerarquia":5},"geometry":{"type":"LineString","coordinates":[[-73.78196,-42.40184],[-73.78192,-42.4019]]}},{"type":"Feature","properties":{"nombre":"","jerarquia":5},"geometry":{"type":"LineString","coordinates":[[-73.78192,-42.4019],[-73.78186,-42.40195]]}},{"type":"Feature","properties":{"nombre":"Ruta 5 Sur","jerarquia":2},"geometry":{"type":"LineString","coordinates":[[-73.78149,-42.40766],[-73.77966,-42.41307],[-73.77918,-42.41389],[-73.77843,-42.41471]]}},{"type":"Feature","properties":{"nombre":"Ruta 5 Sur","jerarquia":2},"geometry":{"type":"LineString","coordinates":[[-73.78199,-42.40199],[-73.78212,-42.40273]]}},{"type":"Feature","properties":{"nombre":"Ruta 5 Sur","jerarquia":2},"geometry":{"type":"LineString","coordinates":[[-73.78217,-42.40345],[-73.78189,-42.40208]]}},{"type":"Feature","properties":{"nombre":"Ruta 5 Sur","jerarquia":2},"geometry":{"type":"LineString","coordinates":[[-73.78175,-42.40061],[-73.78196,-42.40184]]}},{"type":"Feature","properties":{"nombre":"Ruta 5 Sur","jerarquia":2},"geometry":{"type":"LineString","coordinates":[[-73.78212,-42.40273],[-73.78232,-42.40392],[-73.78233,-42.40442]]}},{"type":"Feature","properties":{"nombre":"Ruta 5 Sur","jerarquia":2},"geometry":{"type":"LineString","coordinates":[[-73.78233,-42.40442],[-73.78217,-42.40345]]}},{"type":"Feature","properties":{"nombre":"Ruta 5 Sur","jerarquia":2},"geometry":{"type":"LineString","coordinates":[[-73.78169,-42.39998],[-73.78189,-42.39926],[-73.78233,-42.39849]]}},{"type":"Feature","properties":{"nombre":"Ruta 5 Sur","jerarquia":2},"geometry":{"type":"LineString","coordinates":[[-73.78233,-42.39849],[-73.78192,-42.39945],[-73.78176,-42.4001]]}},{"type":"Feature","properties":{"nombre":"Ruta 5 Sur","jerarquia":2},"geometry":{"type":"LineString","coordinates":[[-73.78176,-42.4001],[-73.78175,-42.40061]]}},{"type":"Feature","properties":{"nombre":"Ruta 5 Sur","jerarquia":2},"geometry":{"type":"LineString","coordinates":[[-73.78186,-42.40195],[-73.78167,-42.40065],[-73.78169,-42.39998]]}},{"type":"Feature","properties":{"nombre":"Ruta 5 Sur","jerarquia":2},"geometry":{"type":"LineString","coordinates":[[-73.78265,-42.39788],[-73.78298,-42.39719]]}},{"type":"Feature","properties":{"nombre":"Ruta 5 Sur","jerarquia":2},"geometry":{"type":"LineString","coordinates":[[-73.78294,-42.39744],[-73.78265,-42.39788]]}},{"type":"Feature","properties":{"nombre":"Ruta 5 Sur","jerarquia":2},"geometry":{"type":"LineString","coordinates":[[-73.78306,-42.39723],[-73.78294,-42.39744]]}},{"type":"Feature","properties":{"nombre":"Ruta 5 Sur","jerarquia":2},"geometry":{"type":"LineString","coordinates":[[-73.78403,-42.39534],[-73.78306,-42.39723]]}},{"type":"Feature","properties":{"nombre":"Ruta 5 Sur","jerarquia":2},"geometry":{"type":"LineString","coordinates":[[-73.78415,-42.39508],[-73.78403,-42.39534]]}},{"type":"Feature","properties":{"nombre":"Ruta 5 Sur","jerarquia":2},"geometry":{"type":"LineString","coordinates":[[-73.78298,-42.39719],[-73.78363,-42.39596]]}},{"type":"Feature","properties":{"nombre":"","jerarquia":5},"geometry":{"type":"LineString","coordinates":[[-73.78414,-42.39486],[-73.7842,-42.39483]]}},{"type":"Feature","properties":{"nombre":"","jerarquia":5},"geometry":{"type":"LineString","coordinates":[[-73.7842,-42.39483],[-73.78423,-42.39481]]}},{"type":"Feature","properties":{"nombre":"Ruta W-460","jerarquia":5},"geometry":{"type":"LineString","coordinates":[[-73.78467,-42.39446],[-73.78431,-42.39475]]}},{"type":"Feature","properties":{"nombre":"Ruta W-460","jerarquia":5},"geometry":{"type":"LineString","coordinates":[[-73.78431,-42.39475],[-73.78423,-42.39481]]}},{"type":"Feature","properties":{"nombre":"","jerarquia":5},"geometry":{"type":"LineString","coordinates":[[-73.78429,-42.39439],[-73.78423,-42.39431]]}},{"type":"Feature","properties":{"nombre":"Ruta 5 Sur","jerarquia":2},"geometry":{"type":"LineString","coordinates":[[-73.7843,-42.39431],[-73.78429,-42.39439]]}},{"type":"Feature","properties":{"nombre":"","jerarquia":5},"geometry":{"type":"LineString","coordinates":[[-73.78467,-42.39446],[-73.78433,-42.39441]]}},{"type":"Feature","properties":{"nombre":"","jerarquia":5},"geometry":{"type":"LineString","coordinates":[[-73.78433,-42.39441],[-73.78429,-42.39439]]}},{"type":"Feature","properties":{"nombre":"Ruta 5 Sur","jerarquia":2},"geometry":{"type":"LineString","coordinates":[[-73.78402,-42.39304],[-73.7837,-42.39203]]}},{"type":"Feature","properties":{"nombre":"Ruta 5 Sur","jerarquia":2},"geometry":{"type":"LineString","coordinates":[[-73.78414,-42.39486],[-73.78423,-42.39431]]}},{"type":"Feature","properties":{"nombre":"Ruta 5 Sur","jerarquia":2},"geometry":{"type":"LineString","coordinates":[[-73.78363,-42.39596],[-73.78414,-42.39486]]}},{"type":"Feature","properties":{"nombre":"Ruta 5 Sur","jerarquia":2},"geometry":{"type":"LineString","coordinates":[[-73.78423,-42.39481],[-73.78415,-42.39508]]}},{"type":"Feature","properties":{"nombre":"Ruta 5 Sur","jerarquia":2},"geometry":{"type":"LineString","coordinates":[[-73.78429,-42.39439],[-73.78423,-42.39481]]}},{"type":"Feature","properties":{"nombre":"Ruta 5 Sur","jerarquia":2},"geometry":{"type":"LineString","coordinates":[[-73.7837,-42.39203],[-73.78394,-42.39261]]}},{"type":"Feature","properties":{"nombre":"Ruta 5 Sur","jerarquia":2},"geometry":{"type":"LineString","coordinates":[[-73.78265,-42.39788],[-73.78233,-42.39849]]}},{"type":"Feature","properties":{"nombre":"Ruta 5 Sur","jerarquia":2},"geometry":{"type":"LineString","coordinates":[[-73.78423,-42.39431],[-73.78413,-42.39341]]}},{"type":"Feature","properties":{"nombre":"Ruta 5 Sur","jerarquia":2},"geometry":{"type":"LineString","coordinates":[[-73.78413,-42.39341],[-73.78402,-42.39304]]}},{"type":"Feature","properties":{"nombre":"Ruta 5 Sur","jerarquia":2},"geometry":{"type":"LineString","coordinates":[[-73.78394,-42.39261],[-73.78423,-42.39356],[-73.7843,-42.39431]]}},{"type":"Feature","properties":{"nombre":"Ruta 5 Sur","jerarquia":2},"geometry":{"type":"LineString","coordinates":[[-73.78268,-42.38911],[-73.7837,-42.39203]]}},{"type":"Feature","properties":{"nombre":"Ruta 5 Sur","jerarquia":3},"geometry":{"type":"LineString","coordinates":[[-73.77113,-42.42214],[-73.77051,-42.42389]]}},{"type":"Feature","properties":{"nombre":"Ruta 5 Sur","jerarquia":2},"geometry":{"type":"LineString","coordinates":[[-73.77324,-42.42],[-73.77233,-42.42067]]}},{"type":"Feature","properties":{"nombre":"Ruta 5 Sur","jerarquia":3},"geometry":{"type":"LineString","coordinates":[[-73.77233,-42.42067],[-73.77185,-42.42109],[-73.77143,-42.4216]]}},{"type":"Feature","properties":{"nombre":"Ruta 5 Sur","jerarquia":3},"geometry":{"type":"LineString","coordinates":[[-73.77143,-42.4216],[-73.77113,-42.42214]]}},{"type":"Feature","properties":{"nombre":"Ruta W-480","jerarquia":5},"geometry":{"type":"LineString","coordinates":[[-73.77601,-42.41889],[-73.77413,-42.41952],[-73.77392,-42.41954]]}},{"type":"Feature","properties":{"nombre":"Ruta W-480","jerarquia":5},"geometry":{"type":"LineString","coordinates":[[-73.77392,-42.41954],[-73.77382,-42.41951]]}},{"type":"Feature","properties":{"nombre":"Ruta 5 Sur","jerarquia":2},"geometry":{"type":"LineString","coordinates":[[-73.77382,-42.41951],[-73.77324,-42.42]]}},{"type":"Feature","properties":{"nombre":"Ruta 5 Sur","jerarquia":2},"geometry":{"type":"LineString","coordinates":[[-73.77502,-42.41834],[-73.77382,-42.41951]]}},{"type":"Feature","properties":{"nombre":"Ruta 5 Sur","jerarquia":2},"geometry":{"type":"LineString","coordinates":[[-73.77609,-42.41722],[-73.77502,-42.41834]]}},{"type":"Feature","properties":{"nombre":"Ruta 5 Sur","jerarquia":2},"geometry":{"type":"LineString","coordinates":[[-73.7763,-42.417],[-73.77609,-42.41722]]}},{"type":"Feature","properties":{"nombre":"Ruta 5 Sur","jerarquia":2},"geometry":{"type":"LineString","coordinates":[[-73.77843,-42.41471],[-73.7763,-42.417]]}},{"type":"Feature","properties":{"nombre":"Ruta 5 Sur","jerarquia":2},"geometry":{"type":"LineString","coordinates":[[-73.78233,-42.40455],[-73.78227,-42.40517],[-73.78217,-42.40559],[-73.78149,-42.40766]]}},{"type":"Feature","properties":{"nombre":"Ruta 5 Sur","jerarquia":2},"geometry":{"type":"LineString","coordinates":[[-73.78233,-42.40442],[-73.78233,-42.40455]]}},{"type":"Feature","properties":{"nombre":"Ruta 5 Sur","jerarquia":3},"geometry":{"type":"LineString","coordinates":[[-73.77305,-42.44285],[-73.77308,-42.44304]]}},{"type":"Feature","properties":{"nombre":"Ruta 5 Sur","jerarquia":3},"geometry":{"type":"LineString","coordinates":[[-73.77309,-42.44313],[-73.77313,-42.44336]]}},{"type":"Feature","properties":{"nombre":"Ruta 5 Sur","jerarquia":3},"geometry":{"type":"LineString","coordinates":[[-73.77279,-42.44096],[-73.77304,-42.44273]]}},{"type":"Feature","properties":{"nombre":"Ruta W-488","jerarquia":5},"geometry":{"type":"LineString","coordinates":[[-73.76993,-42.4337],[-73.77011,-42.4336]]}},{"type":"Feature","properties":{"nombre":"Ruta W-488","jerarquia":5},"geometry":{"type":"LineString","coordinates":[[-73.77011,-42.4336],[-73.77042,-42.43341]]}},{"type":"Feature","properties":{"nombre":"Ruta 5 Sur","jerarquia":3},"geometry":{"type":"LineString","coordinates":[[-73.77339,-42.45661],[-73.77306,-42.45691]]}},{"type":"Feature","properties":{"nombre":"Ruta 5 Sur","jerarquia":3},"geometry":{"type":"LineString","coordinates":[[-73.77306,-42.45691],[-73.77284,-42.4571]]}},{"type":"Feature","properties":{"nombre":"Ruta 5 Sur","jerarquia":3},"geometry":{"type":"LineString","coordinates":[[-73.77465,-42.45314],[-73.77467,-42.45348]]}},{"type":"Feature","properties":{"nombre":"Ruta 5 Sur","jerarquia":3},"geometry":{"type":"LineString","coordinates":[[-73.77455,-42.45218],[-73.7746,-42.45253]]}},{"type":"Feature","properties":{"nombre":"Ruta 5 Sur","jerarquia":3},"geometry":{"type":"LineString","coordinates":[[-73.77448,-42.45176],[-73.77455,-42.45218]]}},{"type":"Feature","properties":{"nombre":"Ruta 5 Sur","jerarquia":3},"geometry":{"type":"LineString","coordinates":[[-73.77435,-42.45102],[-73.77437,-42.45113]]}},{"type":"Feature","properties":{"nombre":"Ruta 5 Sur","jerarquia":3},"geometry":{"type":"LineString","coordinates":[[-73.77433,-42.45084],[-73.77435,-42.45102]]}},{"type":"Feature","properties":{"nombre":"Ruta 5 Sur","jerarquia":3},"geometry":{"type":"LineString","coordinates":[[-73.77429,-42.45065],[-73.77433,-42.45084]]}},{"type":"Feature","properties":{"nombre":"Ruta 5 Sur","jerarquia":3},"geometry":{"type":"LineString","coordinates":[[-73.77421,-42.45021],[-73.77429,-42.45065]]}},{"type":"Feature","properties":{"nombre":"Ruta 5 Sur","jerarquia":3},"geometry":{"type":"LineString","coordinates":[[-73.77415,-42.44987],[-73.77421,-42.45021]]}},{"type":"Feature","properties":{"nombre":"Ruta 5 Sur","jerarquia":3},"geometry":{"type":"LineString","coordinates":[[-73.77403,-42.44913],[-73.77415,-42.44987]]}},{"type":"Feature","properties":{"nombre":"Ruta 5 Sur","jerarquia":3},"geometry":{"type":"LineString","coordinates":[[-73.7746,-42.45253],[-73.77464,-42.45304]]}},{"type":"Feature","properties":{"nombre":"Ruta 5 Sur","jerarquia":3},"geometry":{"type":"LineString","coordinates":[[-73.77464,-42.45304],[-73.77465,-42.45314]]}},{"type":"Feature","properties":{"nombre":"Ruta 5 Sur","jerarquia":3},"geometry":{"type":"LineString","coordinates":[[-73.77439,-42.45526],[-73.77395,-42.45597],[-73.77339,-42.45661]]}},{"type":"Feature","properties":{"nombre":"Ruta 5 Sur","jerarquia":3},"geometry":{"type":"LineString","coordinates":[[-73.77395,-42.44871],[-73.77397,-42.44881]]}},{"type":"Feature","properties":{"nombre":"Ruta 5 Sur","jerarquia":3},"geometry":{"type":"LineString","coordinates":[[-73.77397,-42.44881],[-73.77403,-42.44913]]}},{"type":"Feature","properties":{"nombre":"Ruta 5 Sur","jerarquia":3},"geometry":{"type":"LineString","coordinates":[[-73.77385,-42.44809],[-73.77395,-42.44871]]}},{"type":"Feature","properties":{"nombre":"Ruta 5 Sur","jerarquia":3},"geometry":{"type":"LineString","coordinates":[[-73.77372,-42.44722],[-73.77385,-42.44809]]}},{"type":"Feature","properties":{"nombre":"Ruta 5 Sur","jerarquia":3},"geometry":{"type":"LineString","coordinates":[[-73.77437,-42.45113],[-73.77448,-42.45176]]}},{"type":"Feature","properties":{"nombre":"Ruta 5 Sur","jerarquia":3},"geometry":{"type":"LineString","coordinates":[[-73.77067,-42.45911],[-73.77024,-42.45948]]}},{"type":"Feature","properties":{"nombre":"Ruta 5 Sur","jerarquia":3},"geometry":{"type":"LineString","coordinates":[[-73.77169,-42.4582],[-73.77139,-42.45846]]}},{"type":"Feature","properties":{"nombre":"Ruta 5 Sur","jerarquia":3},"geometry":{"type":"LineString","coordinates":[[-73.77139,-42.45846],[-73.77134,-42.45851]]}},{"type":"Feature","properties":{"nombre":"","jerarquia":3},"geometry":{"type":"LineString","coordinates":[[-73.77134,-42.45851],[-73.77136,-42.45837]]}},{"type":"Feature","properties":{"nombre":"Ruta 5 Sur","jerarquia":3},"geometry":{"type":"LineString","coordinates":[[-73.77207,-42.45785],[-73.77169,-42.4582]]}},{"type":"Feature","properties":{"nombre":"Ruta 5 Sur","jerarquia":3},"geometry":{"type":"LineString","coordinates":[[-73.77256,-42.45743],[-73.77207,-42.45785]]}},{"type":"Feature","properties":{"nombre":"Ruta 5 Sur","jerarquia":3},"geometry":{"type":"LineString","coordinates":[[-73.77065,-42.459],[-73.77115,-42.45855]]}},{"type":"Feature","properties":{"nombre":"Ruta 5 Sur","jerarquia":3},"geometry":{"type":"LineString","coordinates":[[-73.77115,-42.45855],[-73.77116,-42.45855]]}},{"type":"Feature","properties":{"nombre":"Ruta 5 Sur","jerarquia":3},"geometry":{"type":"LineString","coordinates":[[-73.76985,-42.45975],[-73.77023,-42.45937]]}},{"type":"Feature","properties":{"nombre":"Ruta 5 Sur","jerarquia":3},"geometry":{"type":"LineString","coordinates":[[-73.77024,-42.45948],[-73.76985,-42.45975]]}},{"type":"Feature","properties":{"nombre":"Ruta 5 Sur","jerarquia":3},"geometry":{"type":"LineString","coordinates":[[-73.77284,-42.4571],[-73.77256,-42.45743]]}},{"type":"Feature","properties":{"nombre":"Camino Estación Mitilicultura","jerarquia":5},"geometry":{"type":"LineString","coordinates":[[-73.77306,-42.45691],[-73.77297,-42.45681]]}},{"type":"Feature","properties":{"nombre":"Camino Estación Mitilicultura","jerarquia":5},"geometry":{"type":"LineString","coordinates":[[-73.77297,-42.45681],[-73.7728,-42.45651]]}},{"type":"Feature","properties":{"nombre":"Ruta 5 Sur","jerarquia":3},"geometry":{"type":"LineString","coordinates":[[-73.76943,-42.46016],[-73.76898,-42.46083]]}},{"type":"Feature","properties":{"nombre":"Ruta 5 Sur","jerarquia":3},"geometry":{"type":"LineString","coordinates":[[-73.76629,-42.46706],[-73.76425,-42.47182]]}},{"type":"Feature","properties":{"nombre":"Ruta 5 Sur","jerarquia":3},"geometry":{"type":"LineString","coordinates":[[-73.76425,-42.47182],[-73.76421,-42.47191]]}},{"type":"Feature","properties":{"nombre":"O'Higgins","jerarquia":3},"geometry":{"type":"LineString","coordinates":[[-73.76536,-42.47571],[-73.76531,-42.47685]]}},{"type":"Feature","properties":{"nombre":"O'Higgins","jerarquia":3},"geometry":{"type":"LineString","coordinates":[[-73.76531,-42.47685],[-73.76531,-42.47691]]}},{"type":"Feature","properties":{"nombre":"O'Higgins","jerarquia":3},"geometry":{"type":"LineString","coordinates":[[-73.76531,-42.47691],[-73.76526,-42.47806]]}},{"type":"Feature","properties":{"nombre":"O'Higgins","jerarquia":3},"geometry":{"type":"LineString","coordinates":[[-73.76415,-42.47245],[-73.76411,-42.47267]]}},{"type":"Feature","properties":{"nombre":"O'Higgins","jerarquia":3},"geometry":{"type":"LineString","coordinates":[[-73.76421,-42.47191],[-73.76415,-42.47245]]}},{"type":"Feature","properties":{"nombre":"Ruta 5 Sur","jerarquia":3},"geometry":{"type":"LineString","coordinates":[[-73.76985,-42.45975],[-73.76943,-42.46016]]}},{"type":"Feature","properties":{"nombre":"Ignacio Carrera Pinto","jerarquia":5},"geometry":{"type":"LineString","coordinates":[[-73.76739,-42.47209],[-73.76682,-42.47194]]}},{"type":"Feature","properties":{"nombre":"Ignacio Carrera Pinto","jerarquia":5},"geometry":{"type":"LineString","coordinates":[[-73.76682,-42.47194],[-73.76629,-42.4718]]}},{"type":"Feature","properties":{"nombre":"Ignacio Carrera Pinto","jerarquia":5},"geometry":{"type":"LineString","coordinates":[[-73.76907,-42.47221],[-73.76867,-42.4721]]}},{"type":"Feature","properties":{"nombre":"Ignacio Carrera Pinto","jerarquia":5},"geometry":{"type":"LineString","coordinates":[[-73.76867,-42.4721],[-73.76832,-42.47201]]}},{"type":"Feature","properties":{"nombre":"Ignacio Carrera Pinto","jerarquia":5},"geometry":{"type":"LineString","coordinates":[[-73.76832,-42.47201],[-73.76811,-42.47206]]}},{"type":"Feature","properties":{"nombre":"Ignacio Carrera Pinto","jerarquia":5},"geometry":{"type":"LineString","coordinates":[[-73.76811,-42.47206],[-73.76781,-42.47217]]}},{"type":"Feature","properties":{"nombre":"Ignacio Carrera Pinto","jerarquia":5},"geometry":{"type":"LineString","coordinates":[[-73.76781,-42.47217],[-73.76739,-42.47209]]}},{"type":"Feature","properties":{"nombre":"Ruta 5 Sur","jerarquia":3},"geometry":{"type":"LineString","coordinates":[[-73.76763,-42.46396],[-73.76752,-42.46421]]}},{"type":"Feature","properties":{"nombre":"Ruta 5 Sur","jerarquia":3},"geometry":{"type":"LineString","coordinates":[[-73.76785,-42.46344],[-73.76763,-42.46396]]}},{"type":"Feature","properties":{"nombre":"Ruta 5 Sur","jerarquia":3},"geometry":{"type":"LineString","coordinates":[[-73.76752,-42.46421],[-73.76735,-42.4646]]}},{"type":"Feature","properties":{"nombre":"Ruta 5 Sur","jerarquia":3},"geometry":{"type":"LineString","coordinates":[[-73.76735,-42.4646],[-73.76734,-42.46463]]}},{"type":"Feature","properties":{"nombre":"Ruta 5 Sur","jerarquia":3},"geometry":{"type":"LineString","coordinates":[[-73.77136,-42.45837],[-73.77184,-42.45793]]}},{"type":"Feature","properties":{"nombre":"Ruta 5 Sur","jerarquia":3},"geometry":{"type":"LineString","coordinates":[[-73.77116,-42.45855],[-73.77136,-42.45837]]}},{"type":"Feature","properties":{"nombre":"Ruta 5 Sur","jerarquia":3},"geometry":{"type":"LineString","coordinates":[[-73.77023,-42.45937],[-73.77065,-42.459]]}},{"type":"Feature","properties":{"nombre":"San Martín","jerarquia":3},"geometry":{"type":"LineString","coordinates":[[-73.7636,-42.48054],[-73.76362,-42.48005]]}},{"type":"Feature","properties":{"nombre":"San Martín","jerarquia":3},"geometry":{"type":"LineString","coordinates":[[-73.76362,-42.48005],[-73.76365,-42.47939]]}},{"type":"Feature","properties":{"nombre":"San Martín","jerarquia":3},"geometry":{"type":"LineString","coordinates":[[-73.76365,-42.47939],[-73.76365,-42.47932]]}},{"type":"Feature","properties":{"nombre":"San Martín","jerarquia":3},"geometry":{"type":"LineString","coordinates":[[-73.76351,-42.48284],[-73.76355,-42.48182]]}},{"type":"Feature","properties":{"nombre":"San Martín","jerarquia":3},"geometry":{"type":"LineString","coordinates":[[-73.76355,-42.48182],[-73.76355,-42.48179]]}},{"type":"Feature","properties":{"nombre":"San Martín","jerarquia":2},"geometry":{"type":"LineString","coordinates":[[-73.76351,-42.48288],[-73.76351,-42.48284]]}},{"type":"Feature","properties":{"nombre":"Esmeralda","jerarquia":3},"geometry":{"type":"LineString","coordinates":[[-73.76348,-42.48408],[-73.76347,-42.48417]]}},{"type":"Feature","properties":{"nombre":"Esmeralda","jerarquia":3},"geometry":{"type":"LineString","coordinates":[[-73.76347,-42.48417],[-73.76346,-42.48457]]}},{"type":"Feature","properties":{"nombre":"O'Higgins","jerarquia":2},"geometry":{"type":"LineString","coordinates":[[-73.76518,-42.48169],[-73.76518,-42.48173]]}},{"type":"Feature","properties":{"nombre":"O'Higgins","jerarquia":3},"geometry":{"type":"LineString","coordinates":[[-73.76519,-42.48142],[-73.76518,-42.48167]]}},{"type":"Feature","properties":{"nombre":"O'Higgins","jerarquia":3},"geometry":{"type":"LineString","coordinates":[[-73.76518,-42.48167],[-73.76518,-42.48169]]}},{"type":"Feature","properties":{"nombre":"O'Higgins","jerarquia":3},"geometry":{"type":"LineString","coordinates":[[-73.76521,-42.48053],[-73.76519,-42.48142]]}},{"type":"Feature","properties":{"nombre":"O'Higgins","jerarquia":2},"geometry":{"type":"LineString","coordinates":[[-73.76521,-42.48045],[-73.76521,-42.48053]]}},{"type":"Feature","properties":{"nombre":"O'Higgins","jerarquia":3},"geometry":{"type":"LineString","coordinates":[[-73.76523,-42.47952],[-73.76521,-42.48045]]}},{"type":"Feature","properties":{"nombre":"O'Higgins","jerarquia":3},"geometry":{"type":"LineString","coordinates":[[-73.76526,-42.47806],[-73.76523,-42.47931]]}},{"type":"Feature","properties":{"nombre":"O'Higgins","jerarquia":3},"geometry":{"type":"LineString","coordinates":[[-73.76523,-42.47931],[-73.76523,-42.47952]]}},{"type":"Feature","properties":{"nombre":"Pedro Montt","jerarquia":4},"geometry":{"type":"LineString","coordinates":[[-73.76375,-42.47216],[-73.76398,-42.47195],[-73.76421,-42.47191]]}},{"type":"Feature","properties":{"nombre":"San Martín","jerarquia":3},"geometry":{"type":"LineString","coordinates":[[-73.76382,-42.47516],[-73.76383,-42.47488]]}},{"type":"Feature","properties":{"nombre":"San Martín","jerarquia":3},"geometry":{"type":"LineString","coordinates":[[-73.76383,-42.47488],[-73.76385,-42.47336]]}},{"type":"Feature","properties":{"nombre":"San Martín","jerarquia":3},"geometry":{"type":"LineString","coordinates":[[-73.76385,-42.47336],[-73.76387,-42.47308]]}},{"type":"Feature","properties":{"nombre":"San Martín","jerarquia":3},"geometry":{"type":"LineString","coordinates":[[-73.7638,-42.47565],[-73.76382,-42.47516]]}},{"type":"Feature","properties":{"nombre":"Ruta 5 Sur","jerarquia":3},"geometry":{"type":"LineString","coordinates":[[-73.7803,-42.49953],[-73.78084,-42.49987]]}},{"type":"Feature","properties":{"nombre":"Ruta 5 Sur","jerarquia":3},"geometry":{"type":"LineString","coordinates":[[-73.78084,-42.49987],[-73.78099,-42.49997]]}},{"type":"Feature","properties":{"nombre":"Ruta 5 Sur","jerarquia":3},"geometry":{"type":"LineString","coordinates":[[-73.78099,-42.49997],[-73.78216,-42.50077]]}},{"type":"Feature","properties":{"nombre":"Ruta 5 Sur","jerarquia":3},"geometry":{"type":"LineString","coordinates":[[-73.77423,-42.49837],[-73.77498,-42.4987],[-73.77569,-42.49884]]}},{"type":"Feature","properties":{"nombre":"Ruta 5 Sur","jerarquia":3},"geometry":{"type":"LineString","coordinates":[[-73.77569,-42.49884],[-73.77849,-42.49892]]}},{"type":"Feature","properties":{"nombre":"Ruta W-542","jerarquia":5},"geometry":{"type":"LineString","coordinates":[[-73.78529,-42.50175],[-73.78548,-42.50172]]}},{"type":"Feature","properties":{"nombre":"Ruta W-542","jerarquia":5},"geometry":{"type":"LineString","coordinates":[[-73.78548,-42.50172],[-73.78653,-42.50161]]}},{"type":"Feature","properties":{"nombre":"Ruta 5 Sur","jerarquia":3},"geometry":{"type":"LineString","coordinates":[[-73.77232,-42.48131],[-73.77199,-42.4811]]}},{"type":"Feature","properties":{"nombre":"Ruta 5 Sur","jerarquia":3},"geometry":{"type":"LineString","coordinates":[[-73.77199,-42.4811],[-73.77185,-42.48103]]}},{"type":"Feature","properties":{"nombre":"Ruta 5 Sur","jerarquia":3},"geometry":{"type":"LineString","coordinates":[[-73.77185,-42.48103],[-73.77198,-42.48106]]}},{"type":"Feature","properties":{"nombre":"Ruta 5 Sur","jerarquia":3},"geometry":{"type":"LineString","coordinates":[[-73.77198,-42.48106],[-73.77222,-42.48116],[-73.77243,-42.48131],[-73.77261,-42.48166]]}},{"type":"Feature","properties":{"nombre":"Ruta 5 Sur","jerarquia":3},"geometry":{"type":"LineString","coordinates":[[-73.77261,-42.48166],[-73.77232,-42.48131]]}},{"type":"Feature","properties":{"nombre":"Ruta 5 Sur","jerarquia":3},"geometry":{"type":"LineString","coordinates":[[-73.7711,-42.48106],[-73.77141,-42.48101]]}},{"type":"Feature","properties":{"nombre":"Ruta 5 Sur","jerarquia":3},"geometry":{"type":"LineString","coordinates":[[-73.77035,-42.48141],[-73.77046,-42.48134]]}},{"type":"Feature","properties":{"nombre":"Ruta 5 Sur","jerarquia":3},"geometry":{"type":"LineString","coordinates":[[-73.77046,-42.48134],[-73.77057,-42.4813]]}},{"type":"Feature","properties":{"nombre":"Ruta 5 Sur","jerarquia":3},"geometry":{"type":"LineString","coordinates":[[-73.77057,-42.4813],[-73.77048,-42.48136]]}},{"type":"Feature","properties":{"nombre":"Ruta 5 Sur","jerarquia":3},"geometry":{"type":"LineString","coordinates":[[-73.77048,-42.48136],[-73.77011,-42.48161]]}},{"type":"Feature","properties":{"nombre":"Ruta 5 Sur","jerarquia":3},"geometry":{"type":"LineString","coordinates":[[-73.77011,-42.48161],[-73.77035,-42.48141]]}},{"type":"Feature","properties":{"nombre":"","jerarquia":4},"geometry":{"type":"LineString","coordinates":[[-73.77035,-42.48141],[-73.77028,-42.48132]]}},{"type":"Feature","properties":{"nombre":"","jerarquia":4},"geometry":{"type":"LineString","coordinates":[[-73.77028,-42.48132],[-73.7702,-42.48128]]}},{"type":"Feature","properties":{"nombre":"Ruta 5 Sur","jerarquia":3},"geometry":{"type":"LineString","coordinates":[[-73.77285,-42.49097],[-73.77287,-42.49134]]}},{"type":"Feature","properties":{"nombre":"Ruta 5 Sur","jerarquia":3},"geometry":{"type":"LineString","coordinates":[[-73.77278,-42.49],[-73.77285,-42.49097]]}},{"type":"Feature","properties":{"nombre":"Ruta 5 Sur","jerarquia":3},"geometry":{"type":"LineString","coordinates":[[-73.77296,-42.48943],[-73.77278,-42.49]]}},{"type":"Feature","properties":{"nombre":"Ruta 5 Sur","jerarquia":3},"geometry":{"type":"LineString","coordinates":[[-73.77316,-42.48858],[-73.77314,-42.48867]]}},{"type":"Feature","properties":{"nombre":"Ruta 5 Sur","jerarquia":3},"geometry":{"type":"LineString","coordinates":[[-73.77305,-42.48863],[-73.77309,-42.48845]]}},{"type":"Feature","properties":{"nombre":"Ruta 5 Sur","jerarquia":3},"geometry":{"type":"LineString","coordinates":[[-73.77309,-42.48845],[-73.77311,-42.48836]]}},{"type":"Feature","properties":{"nombre":"Ruta 5 Sur","jerarquia":3},"geometry":{"type":"LineString","coordinates":[[-73.77311,-42.48836],[-73.77316,-42.48813]]}},{"type":"Feature","properties":{"nombre":"Ruta 5 Sur","jerarquia":3},"geometry":{"type":"LineString","coordinates":[[-73.77334,-42.48791],[-73.7733,-42.48805]]}},{"type":"Feature","properties":{"nombre":"Ruta 5 Sur","jerarquia":3},"geometry":{"type":"LineString","coordinates":[[-73.77347,-42.48728],[-73.77348,-42.48739]]}},{"type":"Feature","properties":{"nombre":"Ruta 5 Sur","jerarquia":3},"geometry":{"type":"LineString","coordinates":[[-73.7733,-42.48805],[-73.77316,-42.48858]]}},{"type":"Feature","properties":{"nombre":"Ruta 5 Sur","jerarquia":3},"geometry":{"type":"LineString","coordinates":[[-73.77376,-42.48411],[-73.77393,-42.48458]]}},{"type":"Feature","properties":{"nombre":"Ruta 5 Sur","jerarquia":3},"geometry":{"type":"LineString","coordinates":[[-73.77359,-42.48366],[-73.77376,-42.48411]]}},{"type":"Feature","properties":{"nombre":"Ruta 5 Sur","jerarquia":3},"geometry":{"type":"LineString","coordinates":[[-73.7733,-42.48307],[-73.77347,-42.48341]]}},{"type":"Feature","properties":{"nombre":"Ruta 5 Sur","jerarquia":3},"geometry":{"type":"LineString","coordinates":[[-73.77983,-42.49925],[-73.7803,-42.49953]]}},{"type":"Feature","properties":{"nombre":"Ruta 5 Sur","jerarquia":3},"geometry":{"type":"LineString","coordinates":[[-73.78216,-42.50077],[-73.78226,-42.50084]]}},{"type":"Feature","properties":{"nombre":"Ruta 5 Sur","jerarquia":3},"geometry":{"type":"LineString","coordinates":[[-73.78226,-42.50084],[-73.78253,-42.50101]]}},{"type":"Feature","properties":{"nombre":"Ruta 5 Sur","jerarquia":3},"geometry":{"type":"LineString","coordinates":[[-73.78253,-42.50101],[-73.78283,-42.50121]]}},{"type":"Feature","properties":{"nombre":"Ruta 5 Sur","jerarquia":3},"geometry":{"type":"LineString","coordinates":[[-73.77947,-42.49909],[-73.77983,-42.49925]]}},{"type":"Feature","properties":{"nombre":"Ruta 5 Sur","jerarquia":3},"geometry":{"type":"LineString","coordinates":[[-73.77849,-42.49892],[-73.77899,-42.49896],[-73.77947,-42.49909]]}},{"type":"Feature","properties":{"nombre":"Ruta 5 Sur","jerarquia":3},"geometry":{"type":"LineString","coordinates":[[-73.77398,-42.49819],[-73.77423,-42.49837]]}},{"type":"Feature","properties":{"nombre":"Ruta 5 Sur","jerarquia":3},"geometry":{"type":"LineString","coordinates":[[-73.77355,-42.49787],[-73.77398,-42.49819]]}},{"type":"Feature","properties":{"nombre":"Ruta 5 Sur","jerarquia":3},"geometry":{"type":"LineString","coordinates":[[-73.77213,-42.49667],[-73.77222,-42.49676]]}},{"type":"Feature","properties":{"nombre":"Ruta 5 Sur","jerarquia":3},"geometry":{"type":"LineString","coordinates":[[-73.77203,-42.49655],[-73.77213,-42.49667]]}},{"type":"Feature","properties":{"nombre":"Ruta 5 Sur","jerarquia":3},"geometry":{"type":"LineString","coordinates":[[-73.77222,-42.49676],[-73.77304,-42.49746]]}},{"type":"Feature","properties":{"nombre":"Ruta 5 Sur","jerarquia":3},"geometry":{"type":"LineString","coordinates":[[-73.77219,-42.49337],[-73.77211,-42.4935]]}},{"type":"Feature","properties":{"nombre":"Ruta 5 Sur","jerarquia":3},"geometry":{"type":"LineString","coordinates":[[-73.77263,-42.49265],[-73.77244,-42.493]]}},{"type":"Feature","properties":{"nombre":"Ruta 5 Sur","jerarquia":3},"geometry":{"type":"LineString","coordinates":[[-73.77244,-42.493],[-73.77228,-42.49324]]}},{"type":"Feature","properties":{"nombre":"Ruta 5 Sur","jerarquia":3},"geometry":{"type":"LineString","coordinates":[[-73.77228,-42.49324],[-73.77219,-42.49337]]}},{"type":"Feature","properties":{"nombre":"Ruta 5 Sur","jerarquia":3},"geometry":{"type":"LineString","coordinates":[[-73.77287,-42.49134],[-73.77285,-42.49206]]}},{"type":"Feature","properties":{"nombre":"Ruta 5 Sur","jerarquia":3},"geometry":{"type":"LineString","coordinates":[[-73.77285,-42.49206],[-73.77263,-42.49265]]}},{"type":"Feature","properties":{"nombre":"Ruta 5 Sur","jerarquia":3},"geometry":{"type":"LineString","coordinates":[[-73.79544,-42.5145],[-73.79605,-42.51558]]}},{"type":"Feature","properties":{"nombre":"Ruta W-580","jerarquia":5},"geometry":{"type":"LineString","coordinates":[[-73.80004,-42.51289],[-73.7995,-42.51279],[-73.79854,-42.51289],[-73.79796,-42.51264],[-73.79772,-42.51262],[-73.79727,-42.51274],[-73.79661,-42.51301],[-73.7959,-42.51314],[-73.79561,-42.51328]]}},{"type":"Feature","properties":{"nombre":"Ruta W-580","jerarquia":5},"geometry":{"type":"LineString","coordinates":[[-73.79561,-42.51328],[-73.79528,-42.51352],[-73.79508,-42.51359],[-73.794,-42.51358]]}},{"type":"Feature","properties":{"nombre":"Ruta W-580","jerarquia":5},"geometry":{"type":"LineString","coordinates":[[-73.794,-42.51358],[-73.79392,-42.51363]]}},{"type":"Feature","properties":{"nombre":"Ruta 5 Sur","jerarquia":3},"geometry":{"type":"LineString","coordinates":[[-73.79392,-42.51363],[-73.79478,-42.51397],[-73.79516,-42.51423],[-73.79544,-42.5145]]}},{"type":"Feature","properties":{"nombre":"Ruta 5 Sur","jerarquia":3},"geometry":{"type":"LineString","coordinates":[[-73.79094,-42.51213],[-73.79126,-42.51242],[-73.79176,-42.51271],[-73.7928,-42.51321],[-73.79392,-42.51363]]}},{"type":"Feature","properties":{"nombre":"Ruta 5 Sur","jerarquia":3},"geometry":{"type":"LineString","coordinates":[[-73.78731,-42.5068],[-73.78795,-42.50733]]}},{"type":"Feature","properties":{"nombre":"Ruta 5 Sur","jerarquia":3},"geometry":{"type":"LineString","coordinates":[[-73.78627,-42.50515],[-73.7865,-42.50578],[-73.78669,-42.5061],[-73.78691,-42.5064],[-73.78731,-42.5068]]}},{"type":"Feature","properties":{"nombre":"Ruta 5 Sur","jerarquia":3},"geometry":{"type":"LineString","coordinates":[[-73.78283,-42.50121],[-73.78348,-42.50162]]}},{"type":"Feature","properties":{"nombre":"Ruta 5 Sur","jerarquia":3},"geometry":{"type":"LineString","coordinates":[[-73.78348,-42.50162],[-73.78359,-42.50168]]}},{"type":"Feature","properties":{"nombre":"Ruta 5 Sur","jerarquia":3},"geometry":{"type":"LineString","coordinates":[[-73.78359,-42.50168],[-73.78419,-42.50202]]}},{"type":"Feature","properties":{"nombre":"Ruta 5 Sur","jerarquia":3},"geometry":{"type":"LineString","coordinates":[[-73.78419,-42.50202],[-73.78463,-42.5023],[-73.785,-42.50264],[-73.78521,-42.5029],[-73.78544,-42.50332]]}},{"type":"Feature","properties":{"nombre":"Ruta 5 Sur","jerarquia":3},"geometry":{"type":"LineString","coordinates":[[-73.78544,-42.50332],[-73.78572,-42.50394]]}},{"type":"Feature","properties":{"nombre":"Ruta 5 Sur","jerarquia":3},"geometry":{"type":"LineString","coordinates":[[-73.78572,-42.50394],[-73.78604,-42.50462]]}},{"type":"Feature","properties":{"nombre":"Ruta 5 Sur","jerarquia":3},"geometry":{"type":"LineString","coordinates":[[-73.78604,-42.50462],[-73.78613,-42.50484]]}},{"type":"Feature","properties":{"nombre":"Ruta 5 Sur","jerarquia":3},"geometry":{"type":"LineString","coordinates":[[-73.78613,-42.50484],[-73.78627,-42.50515]]}},{"type":"Feature","properties":{"nombre":"By Pass Castro","jerarquia":2},"geometry":{"type":"LineString","coordinates":[[-73.80682,-42.45495],[-73.80826,-42.45661],[-73.80861,-42.45715],[-73.80875,-42.45756],[-73.80876,-42.45785],[-73.80872,-42.45826],[-73.80857,-42.45891]]}},{"type":"Feature","properties":{"nombre":"Ruta W-520","jerarquia":5},"geometry":{"type":"LineString","coordinates":[[-73.80258,-42.45785],[-73.80307,-42.45719],[-73.80352,-42.45692],[-73.80392,-42.45678],[-73.8044,-42.45675],[-73.80476,-42.4568],[-73.80493,-42.45688],[-73.80567,-42.45744],[-73.80585,-42.45743],[-73.80592,-42.45726],[-73.80591,-42.45629],[-73.80596,-42.45614],[-73.80604,-42.45601],[-73.80617,-42.45593],[-73.80681,-42.45574]]}},{"type":"Feature","properties":{"nombre":"By Pass Castro","jerarquia":2},"geometry":{"type":"LineString","coordinates":[[-73.79525,-42.44982],[-73.79586,-42.45012],[-73.79643,-42.45032],[-73.79801,-42.45058],[-73.7985,-42.4507],[-73.79898,-42.45091],[-73.80003,-42.45155],[-73.80085,-42.45188],[-73.8015,-42.452],[-73.8026,-42.45201],[-73.80311,-42.45206],[-73.80405,-42.45234],[-73.80465,-42.45266],[-73.80504,-42.45298],[-73.80682,-42.45495]]}},{"type":"Feature","properties":{"nombre":"Ruta W-522","jerarquia":5},"geometry":{"type":"LineString","coordinates":[[-73.79525,-42.44982],[-73.79576,-42.44904]]}},{"type":"Feature","properties":{"nombre":"Ruta W-520","jerarquia":5},"geometry":{"type":"LineString","coordinates":[[-73.80681,-42.45574],[-73.80694,-42.45569],[-73.807,-42.45555],[-73.80696,-42.45548],[-73.80662,-42.45525],[-73.80658,-42.45512],[-73.80662,-42.45505],[-73.80682,-42.45495]]}},{"type":"Feature","properties":{"nombre":"By Pass Castro","jerarquia":2},"geometry":{"type":"LineString","coordinates":[[-73.78422,-42.44429],[-73.78554,-42.44458],[-73.79026,-42.446],[-73.79109,-42.44633],[-73.7915,-42.44657],[-73.79193,-42.44694],[-73.7928,-42.44815],[-73.79328,-42.44862],[-73.79378,-42.44896],[-73.79525,-42.44982]]}},{"type":"Feature","properties":{"nombre":"Ruta W-502","jerarquia":5},"geometry":{"type":"LineString","coordinates":[[-73.80035,-42.4925],[-73.80146,-42.4925]]}},{"type":"Feature","properties":{"nombre":"Ruta W-488","jerarquia":5},"geometry":{"type":"LineString","coordinates":[[-73.77042,-42.43341],[-73.77093,-42.43305],[-73.77159,-42.43239],[-73.77197,-42.43218],[-73.77285,-42.43198],[-73.77383,-42.43192],[-73.77432,-42.43182]]}},{"type":"Feature","properties":{"nombre":"Ruta W-488","jerarquia":5},"geometry":{"type":"LineString","coordinates":[[-73.77432,-42.43182],[-73.77476,-42.43162],[-73.77557,-42.43096],[-73.77609,-42.43068]]}},{"type":"Feature","properties":{"nombre":"Ruta W-488","jerarquia":5},"geometry":{"type":"LineString","coordinates":[[-73.77609,-42.43068],[-73.77672,-42.4303],[-73.77715,-42.4299]]}},{"type":"Feature","properties":{"nombre":"Francisco Gallardo","jerarquia":5},"geometry":{"type":"LineString","coordinates":[[-73.78738,-42.48405],[-73.78763,-42.48355]]}},{"type":"Feature","properties":{"nombre":"Francisco Gallardo","jerarquia":5},"geometry":{"type":"LineString","coordinates":[[-73.78763,-42.48355],[-73.78792,-42.48297],[-73.78838,-42.48232]]}},{"type":"Feature","properties":{"nombre":"Francisco Gallardo","jerarquia":5},"geometry":{"type":"LineString","coordinates":[[-73.78838,-42.48232],[-73.78866,-42.48191]]}},{"type":"Feature","properties":{"nombre":"Francisco Gallardo","jerarquia":5},"geometry":{"type":"LineString","coordinates":[[-73.78866,-42.48191],[-73.7891,-42.48152]]}},{"type":"Feature","properties":{"nombre":"Francisco Gallardo","jerarquia":5},"geometry":{"type":"LineString","coordinates":[[-73.7891,-42.48152],[-73.78984,-42.48075],[-73.78988,-42.48049],[-73.78981,-42.48034]]}},{"type":"Feature","properties":{"nombre":"Francisco Gallardo","jerarquia":5},"geometry":{"type":"LineString","coordinates":[[-73.78981,-42.48034],[-73.78971,-42.47995],[-73.79032,-42.47843]]}},{"type":"Feature","properties":{"nombre":"Francisco Gallardo","jerarquia":5},"geometry":{"type":"LineString","coordinates":[[-73.79032,-42.47843],[-73.79049,-42.47766],[-73.79064,-42.47738],[-73.79102,-42.47705],[-73.7916,-42.47676]]}},{"type":"Feature","properties":{"nombre":"Francisco Gallardo","jerarquia":5},"geometry":{"type":"LineString","coordinates":[[-73.7916,-42.47676],[-73.79224,-42.47635]]}},{"type":"Feature","properties":{"nombre":"Francisco Gallardo","jerarquia":5},"geometry":{"type":"LineString","coordinates":[[-73.79224,-42.47635],[-73.79253,-42.47616],[-73.79294,-42.47598],[-73.79406,-42.47565],[-73.79478,-42.47559],[-73.79603,-42.47528]]}},{"type":"Feature","properties":{"nombre":"Francisco Gallardo","jerarquia":5},"geometry":{"type":"LineString","coordinates":[[-73.79603,-42.47528],[-73.79733,-42.47498],[-73.7979,-42.47439],[-73.79812,-42.47426],[-73.80036,-42.47329],[-73.80065,-42.47313]]}},{"type":"Feature","properties":{"nombre":"By Pass Castro","jerarquia":2},"geometry":{"type":"LineString","coordinates":[[-73.80065,-42.47313],[-73.80049,-42.47408],[-73.80032,-42.47463],[-73.79882,-42.47735],[-73.79817,-42.47814],[-73.79684,-42.47926],[-73.79648,-42.47969],[-73.79622,-42.48013]]}},{"type":"Feature","properties":{"nombre":"By Pass Castro","jerarquia":2},"geometry":{"type":"LineString","coordinates":[[-73.79622,-42.48013],[-73.79594,-42.48088],[-73.79581,-42.48179]]}},{"type":"Feature","properties":{"nombre":"By Pass Castro","jerarquia":2},"geometry":{"type":"LineString","coordinates":[[-73.79581,-42.48179],[-73.79577,-42.4821]]}},{"type":"Feature","properties":{"nombre":"By Pass Castro","jerarquia":2},"geometry":{"type":"LineString","coordinates":[[-73.79577,-42.4821],[-73.79565,-42.48339]]}},{"type":"Feature","properties":{"nombre":"By Pass Castro","jerarquia":2},"geometry":{"type":"LineString","coordinates":[[-73.79565,-42.48339],[-73.79553,-42.48501],[-73.79556,-42.48544],[-73.79573,-42.48611],[-73.796,-42.48665],[-73.79637,-42.48716],[-73.79684,-42.48762],[-73.80018,-42.4903],[-73.80063,-42.49072],[-73.80097,-42.49117],[-73.80121,-42.49161],[-73.80138,-42.49208],[-73.80146,-42.4925]]}},{"type":"Feature","properties":{"nombre":"By Pass Castro","jerarquia":2},"geometry":{"type":"LineString","coordinates":[[-73.80146,-42.4925],[-73.80148,-42.49322],[-73.80136,-42.49376],[-73.80056,-42.49554]]}},{"type":"Feature","properties":{"nombre":"By Pass Castro","jerarquia":2},"geometry":{"type":"LineString","coordinates":[[-73.80056,-42.49554],[-73.79993,-42.49692],[-73.7997,-42.49771],[-73.79969,-42.49833],[-73.79988,-42.50057]]}},{"type":"Feature","properties":{"nombre":"By Pass Castro","jerarquia":2},"geometry":{"type":"LineString","coordinates":[[-73.79988,-42.50057],[-73.79998,-42.50147],[-73.80018,-42.502],[-73.8005,-42.50244],[-73.80171,-42.50359],[-73.80193,-42.50403],[-73.80201,-42.5043]]}},{"type":"Feature","properties":{"nombre":"By Pass Castro","jerarquia":2},"geometry":{"type":"LineString","coordinates":[[-73.80201,-42.5043],[-73.80253,-42.50804]]}},{"type":"Feature","properties":{"nombre":"By Pass Castro","jerarquia":2},"geometry":{"type":"LineString","coordinates":[[-73.80827,-42.46026],[-73.80775,-42.46207],[-73.80755,-42.46251],[-73.80703,-42.4632],[-73.80595,-42.46416]]}},{"type":"Feature","properties":{"nombre":"Galvarino Riveros","jerarquia":5},"geometry":{"type":"LineString","coordinates":[[-73.80071,-42.46036],[-73.80125,-42.4598]]}},{"type":"Feature","properties":{"nombre":"Galvarino Riveros","jerarquia":5},"geometry":{"type":"LineString","coordinates":[[-73.80125,-42.4598],[-73.80141,-42.45962]]}},{"type":"Feature","properties":{"nombre":"Galvarino Riveros","jerarquia":5},"geometry":{"type":"LineString","coordinates":[[-73.80141,-42.45962],[-73.8016,-42.45938]]}},{"type":"Feature","properties":{"nombre":"Galvarino Riveros","jerarquia":5},"geometry":{"type":"LineString","coordinates":[[-73.8016,-42.45938],[-73.80182,-42.45902]]}},{"type":"Feature","properties":{"nombre":"By Pass Castro","jerarquia":2},"geometry":{"type":"LineString","coordinates":[[-73.80595,-42.46416],[-73.80525,-42.46477],[-73.80486,-42.4652],[-73.80463,-42.46558],[-73.8041,-42.46674],[-73.80373,-42.46732],[-73.80168,-42.46939],[-73.80108,-42.47013],[-73.80078,-42.47075],[-73.80065,-42.47125],[-73.80061,-42.47171],[-73.80065,-42.47313]]}},{"type":"Feature","properties":{"nombre":"","jerarquia":5},"geometry":{"type":"LineString","coordinates":[[-73.76575,-42.46462],[-73.7654,-42.46475]]}},{"type":"Feature","properties":{"nombre":"","jerarquia":5},"geometry":{"type":"LineString","coordinates":[[-73.7654,-42.46475],[-73.76526,-42.46467]]}},{"type":"Feature","properties":{"nombre":"","jerarquia":5},"geometry":{"type":"LineString","coordinates":[[-73.76526,-42.46467],[-73.76511,-42.46455],[-73.76495,-42.46427],[-73.76497,-42.46376],[-73.76513,-42.46345]]}},{"type":"Feature","properties":{"nombre":"","jerarquia":5},"geometry":{"type":"LineString","coordinates":[[-73.76513,-42.46345],[-73.7653,-42.46288],[-73.7653,-42.46266],[-73.76525,-42.46249],[-73.76439,-42.46116],[-73.76382,-42.46065],[-73.76341,-42.4605],[-73.76288,-42.46046],[-73.76243,-42.46057],[-73.76188,-42.46082],[-73.76168,-42.46084],[-73.76143,-42.46078]]}},{"type":"Feature","properties":{"nombre":"","jerarquia":5},"geometry":{"type":"LineString","coordinates":[[-73.76143,-42.46078],[-73.7611,-42.46074],[-73.76083,-42.46083],[-73.76051,-42.46108],[-73.75996,-42.46138],[-73.75958,-42.46186],[-73.75955,-42.46199],[-73.75966,-42.46211],[-73.7601,-42.46216],[-73.76043,-42.46235],[-73.76053,-42.46249],[-73.76067,-42.46289]]}},{"type":"Feature","properties":{"nombre":"","jerarquia":5},"geometry":{"type":"LineString","coordinates":[[-73.76067,-42.46289],[-73.76074,-42.46323],[-73.76072,-42.46341],[-73.76066,-42.4636],[-73.76049,-42.46386]]}},{"type":"Feature","properties":{"nombre":"","jerarquia":5},"geometry":{"type":"LineString","coordinates":[[-73.76049,-42.46386],[-73.75984,-42.46442],[-73.75929,-42.46482],[-73.75893,-42.46494],[-73.75793,-42.46508]]}},{"type":"Feature","properties":{"nombre":"Galvarino Riveros Norte","jerarquia":5},"geometry":{"type":"LineString","coordinates":[[-73.77479,-42.46649],[-73.77524,-42.46637]]}},{"type":"Feature","properties":{"nombre":"Galvarino Riveros Norte","jerarquia":5},"geometry":{"type":"LineString","coordinates":[[-73.77524,-42.46637],[-73.77567,-42.46625]]}},{"type":"Feature","properties":{"nombre":"Galvarino Riveros Norte","jerarquia":5},"geometry":{"type":"LineString","coordinates":[[-73.77567,-42.46625],[-73.77619,-42.46609]]}}]}